{
  "mt19937": [0.37454011442605406, 0.79654298431705683, 0.95071431167889386, 0.18343478778842837, 0.73199393844697624],
  "knuth": [0.37353865951700893, 0.5340107498451816, 0.79241662590326234, 0.68876261089152746, 0.3916902075366393],
  "lecuyer": [0.56412426193736598, 0.91747187449834744, 0.11660955562806326, 0.44048065386752394, 0.94609570662404185],
  "ranlux3": [0.44359375777861487, 0.49039988112563293, 0.29105130325944728, 0.96392937463021866, 0.20402265316086599],
  "xoshiro256ss": [0.083862971059882219, 0.37898025066266866, 0.68004341102813948, 0.92469294532538759, 0.99180391428210291],
  "box_muller_mt": [-0.51696416445487181, 1.2219212173764127, 0.72133261267083881, 0.86963581617716534, 1.6182168832131514]
}
