{
  "gsr_process_const": {
    "sigma": 0.01,
    "reversion": 0.050000000000000003,
    "x0": 0,
    "diffusion_t_0_5": 0.01,
    "variance_0_1": 9.5162581964040483e-05,
    "variance_0_5": 0.00039346934028736661,
    "std_deviation_0_5": 0.019836061612310208,
    "y_0": 0,
    "y_1": 9.5162581964040483e-05,
    "y_5": 0.00039346934028736656,
    "G_0_1": 0.97541150998571968,
    "G_0_5": 4.423984338571902,
    "G_1_5": 3.6253849384403636,
    "expectation_0_0_1": -0.00068968481445507812,
    "expectation_1_0_2": -0.00053916825046712352
  },
  "gsr_model_const": {
    "sigma_first": 0.01,
    "reversion_first": 0.050000000000000003,
    "numeraire_time": 60,
    "zerobond_5_0_0": 0.86070797642505781,
    "zerobond_10_0_0": 0.74081822068171788,
    "zerobond_5_1_0": 0.89218077366063431,
    "zerobond_5_1_0p5": 0.8765429636949974,
    "zerobond_5_1_m0p5": 0.90809756721367074,
    "zerobond_10_2_0p5": 0.76663978656277154,
    "numeraire_0_0": 0.16529888822158659,
    "numeraire_1_0": 0.17326940217754694,
    "numeraire_1_0p5": 0.1579695223037893,
    "numeraire_5_0": 0.20575976306599875,
    "curve_discount_5": 0.86070797642505781,
    "curve_discount_10": 0.74081822068171788
  },
  "gsr_y_grid": {
    "size": 17,
    "values": [-4, -3.5, -3, -2.5, -2, -1.5, -1, -0.5, 0, 0.5, 1, 1.5, 2, 2.5, 3, 3.5, 4]
  },
  "gaussian1d_swaption_vol": {
    "atm_rate": 0.030480361780216611,
    "atm_section": 0.030480361780216611,
    "annuity": 7.32267153541334,
    "fwd_rate_3m": 0.029701194500805089,
    "swp_npv_atm_payer": 0.22827493174244029,
    "opt_price_atm": 2.5981210258641233e-316,
    "strike_otm_call": 0.035480361780216609,
    "opt_price_call": 1.917244811552618e-316,
    "vol_otm_call": 0,
    "strike_otm_put": 0.02548036178021661,
    "opt_price_put": 1.8953871991609075e-316,
    "vol_otm_put": 0,
    "expiry_serial": 47983
  }
}
