{
  "hyman_filtered_cubic": {
    "xs": [0.0, 1.0, 2.0, 3.0, 4.0],
    "ys": [0.0, 0.5, 1.5, 3.0, 3.2],
    "pillars": [
      0,
      0.5,
      1.5,
      3,
      3.2000000000000002
    ],
    "mids_x": [0.5, 1.25, 2.7, 3.4],
    "mids_y": [
      0.22187500000000002,
      0.67851562499999996,
      2.6807250000000002,
      3.1568000000000001
    ],
    "derivative_at_1_5": 0.96875,
    "second_derivative_at_1_5": 0.82500000000000018
  },
  "chebyshev_interpolation": {
    "n": 10,
    "x_min": 0,
    "x_max": 3.1415926535897931,
    "function": "sin",
    "nodes_canonical": [
      -1,
      -0.93969262078590843,
      -0.76604444311897801,
      -0.50000000000000011,
      -0.17364817766693041,
      0.1736481776669303,
      0.49999999999999983,
      0.7660444431189779,
      0.93969262078590832,
      1
    ],
    "nodes_remapped": [
      0,
      0.094730609748121933,
      0.36749652938196381,
      0.78539816339744806,
      1.2980304071610547,
      1.8435622464287382,
      2.3561944901923444,
      2.774096124207829,
      3.0468620438416711,
      3.1415926535897931
    ],
    "pillar_values": [
      0,
      0.094588989653514394,
      0.35928024709952289,
      0.70710678118654735,
      0.96302945301747156,
      0.96302945301747167,
      0.70710678118654791,
      0.35928024709952328,
      0.094588989653514546,
      1.2246467991473532e-16
    ],
    "mids_canonical": [-0.5, -0.1, 0.3, 0.7],
    "mids_remapped": [
      0.78539816339744828,
      1.4137166941154069,
      2.0420352248333655,
      2.6703537555513241
    ],
    "interp_at_mids": [
      0.70710678118654735,
      0.9876882828837994,
      0.89100660622725647,
      0.45399044894208002
    ],
    "sin_at_remapped_mids": [
      0.70710678118654746,
      0.98768834059513777,
      0.8910065241883679,
      0.45399049973954686
    ]
  },
  "multi_cubic_spline": {
    "xs": [0.0, 1.0, 2.0, 3.0],
    "ys": [0.0, 1.0, 2.0, 3.0],
    "z": [
      [1, 1.8414709848078965, 1.9092974268256817, 1.1411200080598671],
      [0.54030230586813977, 1.3817732906760363, 1.4495997326938215, 0.68142231392800701],
      [-0.41614683654714241, 0.4253241482607541, 0.4931505902785393, -0.27502682848727522],
      [-0.98999249660044542, -0.14852151179254891, -0.080695069774763706, -0.84887248854057817]
    ],
    "pillars": [
      [1, 1.8414709848078965, 1.9092974268256817, 1.1411200080598671],
      [0.54030230586813977, 1.3817732906760363, 1.4495997326938215, 0.68142231392800701],
      [-0.41614683654714241, 0.4253241482607541, 0.4931505902785393, -0.27502682848727528],
      [-0.98999249660044564, -0.14852151179254919, -0.080695069774763983, -0.84887248854057806]
    ],
    "mids": [[0.5, 0.5], [1.25, 1.5], [2.25, 0.75], [2.7, 2.7]],
    "mids_y": [
      1.306591234984831,
      1.0186347857743228,
      1.4805418678818321,
      -0.43637922438328747
    ]
  },
  "abcd_interpolation": {
    "times": [0.25, 0.5, 1.0, 2.0, 5.0, 10.0],
    "vols": [
      0.1547099715454594,
      0.18908448735842134,
      0.23410230776113888,
      0.26508674718058295,
      0.22309235506440231,
      0.17740719274588479
    ],
    "a_true": -0.059999999999999998,
    "b_true": 0.17000000000000001,
    "c_true": 0.54000000000000004,
    "d_true": 0.17000000000000001,
    "a_fitted": 0.010775215064297738,
    "b_fitted": 0.42343671470753008,
    "c_fitted": 0.79929467949168187,
    "d_fitted": 0.095552914296070018,
    "rms_error": 0.0017725617445963654,
    "max_error": 0.0025603907479778698,
    "fitted_at_pillars": [
      0.15365652487950929,
      0.19012617262293202,
      0.23552611859551023,
      0.26252635643260508,
      0.22512655308722804,
      0.1765160036788174
    ]
  },
  "zabr_formula": {
    "alpha": 0.040000000000000001,
    "beta": 0.5,
    "nu": 0.40000000000000002,
    "rho": -0.10000000000000001,
    "forward": 0.050000000000000003,
    "expiry": 5,
    "gamma1_vol_atm": 0.17888543819998318,
    "gamma1_vol_strike_4pct": 0.19970327597360585,
    "gamma1_vol_strike_6pct": 0.17233170976663847,
    "gamma75_vol_atm": 0.17888543819998318,
    "gamma75_vol_strike_4pct": 0.19950147201542937,
    "gamma75_vol_strike_6pct": 0.17229761081868358,
    "gamma1_normal_vol_atm": 0.0089442719099991595,
    "gamma75_normal_vol_atm": 0.0089442719099991595
  },
  "zabr_smile_section": {
    "exercise_time": 5,
    "atm_level": 0.050000000000000003,
    "alpha": 0.040000000000000001,
    "beta": 0.5,
    "nu": 0.40000000000000002,
    "rho": -0.10000000000000001,
    "gamma": 0.75,
    "vol_atm": 0.17888543819998318,
    "vol_strike_4pct": 0.19950147201542937,
    "vol_strike_6pct": 0.17229761081868358,
    "variance_atm": 0.16
  }
}
