{
  "flat_smile_section": {
    "exercise_time": 1,
    "atm_level": 100,
    "shift": 0,
    "vol_at_strike_100": 0.20000000000000001,
    "vol_at_strike_120": 0.20000000000000001,
    "variance_at_strike_100": 0.040000000000000008
  },
  "black_constant_vol": {
    "reference_date_serial": 46188,
    "vol_t1": 0.20000000000000001,
    "vol_t2": 0.20000000000000001,
    "variance_t1": 0.040000000000000008,
    "variance_t2": 0.080000000000000016,
    "forward_vol_t1_t2": 0.20000000000000001,
    "forward_variance_t1_t2": 0.040000000000000008
  },
  "black_constant_vol_via_quote": {
    "initial_vol": 0.25,
    "after_update_vol": 0.29999999999999999
  },
  "black_variance_curve": {
    "times": [0.25205479452054796, 0.50136986301369868, 1, 2.0027397260273974],
    "variances_at_pillars": [0.00252054794520548, 0.01128082191780822, 0.040000000000000008, 0.12517123287671234],
    "variance_at_9mo": 0.025482613277133827,
    "vol_at_9mo": 0.18458104076156398,
    "variance_at_9mo_any_strike": 0.025482613277133827
  },
  "black_variance_surface": {
    "times": [0.25205479452054796, 0.50136986301369868, 1, 2.0027397260273974],
    "variances_atm": [0.00252054794520548, 0.01128082191780822, 0.040000000000000008, 0.12517123287671234],
    "variance_at_110_9mo": 0.030296685232575647,
    "vol_at_110_9mo": 0.20126240875803075,
    "variance_at_80_1y": 0.048399999999999999,
    "variance_at_100_2y": 0.12517123287671234
  },
  "local_constant_vol": {
    "vol_t1_s100": 0.20000000000000001,
    "vol_t2_s90": 0.20000000000000001
  },
  "local_vol_curve": {
    "local_vol_t_0p5": 0.21532941796642074,
    "local_vol_t_0p75": 0.23999198704572111,
    "local_vol_t_1p5": 0.29144214621458564
  },
  "local_vol_surface": {
    "local_vol_t_0p5_s100": 0.00080621320609095817,
    "local_vol_t_0p75_s100": 0.0010943641571325949,
    "local_vol_t_1p0_s100": 0.0013026131467112326
  }
}
