{
  "process": {
    "size": 2,
    "factors": 2,
    "initial_s": 100,
    "initial_v": 0.040000000000000001,
    "drift_s": 0.030000000000129562,
    "drift_v": -1.3877787807814457e-17,
    "diffusion_00": 0.20000000000000001,
    "diffusion_01": 0,
    "diffusion_10": -0.041999999999999996,
    "diffusion_11": 0.0428485705712571,
    "apply_s": 101.00501670841679,
    "apply_v": 0.050000000000000003,
    "time_to_expiry": 1,
    "v0": 0.040000000000000001,
    "kappa": 2,
    "theta": 0.040000000000000001,
    "sigma": 0.29999999999999999,
    "rho": -0.69999999999999996
  },
  "heston_model": {
    "theta": 0.040000000000000001,
    "kappa": 2,
    "sigma": 0.29999999999999999,
    "rho": -0.69999999999999996,
    "v0": 0.040000000000000001
  },
  "heston_engine": {
    "call_atm": 10.394218565150059,
    "put_atm": 5.5171610152214621,
    "call_otm_low": 25.044557201355566,
    "call_otm_high": 2.3326334892154055,
    "put_otm_low": 1.1429111614126701,
    "put_otm_high": 16.480164429301087
  },
  "heston_helper": {
    "black_price_v20": 5.573526022256968,
    "market_value": 5.573526022256968,
    "model_value": 5.5171610152214621,
    "calibration_error": 0.010112988942802362
  },
  "bates_process": {
    "size": 2,
    "factors": 4,
    "lambda": 0.10000000000000001,
    "nu": -0.050000000000000003,
    "delta": 0.10000000000000001,
    "m": -0.044002518166900151,
    "drift_s": 0.034400251816819577,
    "drift_v": -1.3877787807814457e-17
  },
  "bates_model": {
    "theta": 0.040000000000000001,
    "kappa": 2,
    "sigma": 0.29999999999999999,
    "rho": -0.69999999999999996,
    "v0": 0.040000000000000001,
    "nu": -0.050000000000000003,
    "delta": 0.10000000000000001,
    "lambda": 0.10000000000000001
  }
}
