{
  "ornstein_uhlenbeck": {
    "x0": 0.02,
    "speed": 0.29999999999999999,
    "volatility": 0.050000000000000003,
    "level": 0,
    "drift_t1_x0_02": -0.0060000000000000001,
    "diffusion_t1_x0_02": 0.050000000000000003,
    "expectation_t0_x0_02_dt1": 0.014816364413634358,
    "variance_t0_x0_02_dt1": 0.0018799515162748904,
    "stdDeviation_t0_x0_02_dt1": 0.043358407676884196
  },
  "cir": {
    "x0": 0.050000000000000003,
    "speed": 0.5,
    "volatility": 0.10000000000000001,
    "level": 0.040000000000000001,
    "drift_t1_x0_05": -0.005000000000000001,
    "diffusion_t1_x0_05": 0.10000000000000001,
    "expectation_t0_x0_05_dt1": 0.046065306597126335,
    "variance_t0_x0_05_dt1": 0.00036250571593813153,
    "stdDeviation_t0_x0_05_dt1": 0.019039582871957346
  },
  "g2_process": {
    "size": 2,
    "initial_values": [0, 0],
    "drift_t1_origin": [0, 0],
    "diffusion_t1_origin": [[0.01, 0], [-0.0074999999999999997, 0.0066143782776614769]],
    "expectation_t0_origin_dt1": [0, 0],
    "std_deviation_t0_origin_dt1": [[0.0095202218178469505, 0], [-0.0071401663633852116, 0.0062970348390485736]],
    "covariance_t0_origin_dt1": [[9.0634623461009097e-05, -6.7975967595756813e-05], [-6.7975967595756813e-05, 9.0634623461009097e-05]],
    "drift_t2_x_001_neg_0005": [-0.001, 0.00050000000000000001],
    "a": 0.10000000000000001,
    "sigma": 0.01,
    "b": 0.10000000000000001,
    "eta": 0.01,
    "rho": -0.75
  },
  "g2_forward_process": {
    "size": 2,
    "forward_T": 10,
    "drift_t1_origin": [-0.00014835758506485028, -0.00014835758506485028],
    "diffusion_t1_origin": [[0.01, 0], [-0.0074999999999999997, 0.0066143782776614769]],
    "expectation_t0_origin_dt1": [-0.00014578323485695178, -0.00014578323485695178],
    "std_deviation_t0_origin_dt1": [[0.0095202218178469505, 0], [-0.0071401663633852116, 0.0062970348390485736]]
  },
  "hull_white_forward_process": {
    "a": 0.10000000000000001,
    "sigma": 0.01,
    "forward_T": 10,
    "x0": 0.050000000000129566,
    "alpha_at_1": 0.050045279585109875,
    "alpha_at_5": 0.050774090608976974,
    "B_t1_T10": 5.9343034025940087,
    "M_T_s0_t1_T10": 0.00058313293942780691,
    "drift_t1_x0": -0.0005027951616918795,
    "diffusion_t1_x0": 0.01,
    "expectation_t0_x0_dt1": 0.049462146645682069,
    "variance_t0_x0_dt1": 9.0634623461009097e-05,
    "stdDeviation_t0_x0_dt1": 0.0095202218178469505
  },
  "g2": {
    "a": 0.10000000000000001,
    "sigma": 0.01,
    "b": 0.10000000000000001,
    "eta": 0.01,
    "rho": -0.75,
    "discount_t1": 0.9512294245007139,
    "discount_t5": 0.77880078307140488,
    "discount_t10": 0.60653065971263342,
    "discount_bond_0_5_5_5_x001_yneg0005": 0.76347032242084134,
    "discount_bond_0_5_origin": 0.77880078307140488,
    "discount_bond_factors_0_3_x_005_yneg002": 0.85404153257906612,
    "dbo_call_K0_95_T1_TB3": 7.9856536144233322e-08,
    "dbo_put_K0_95_T1_TB3": 0.042960056707156573
  },
  "g2_swaption": {
    "start_y": 5.0,
    "tenor_y": 5.0,
    "fixed_rate": 0.050000000000000003,
    "range": 5,
    "intervals": 200,
    "price": 0.016304431366823476
  }
}
