{
  "binomial_crr": {
    "s0": 100,
    "steps": 4,
    "pu": 0.53750000000016196,
    "pd": 0.46249999999983804,
    "underlying_terminal": [67.032004603563934, 81.873075307798189, 100, 122.14027581601698, 149.18246976412703]
  },
  "binomial_lr": {
    "s0": 100,
    "requested_steps": 4,
    "actual_steps": 5,
    "pu": 0.53183258311268367,
    "pd": 0.46816741688731633,
    "underlying_terminal": [65.622200870485031, 77.8174304064013, 92.279021348379089, 109.42815429066287, 129.76428202737392, 153.87967565780855]
  },
  "trinomial_tree": {
    "a": 0.10000000000000001,
    "sigma": 0.01,
    "end": 2,
    "steps": 5,
    "dx": [0, 0.010738970175023597, 0.010738970175023597, 0.010738970175023597, 0.010738970175023597, 0.010738970175023597],
    "sizes": [1, 3, 5, 7, 9, 11],
    "underlying": [[0], [-0.010738970175023597, 0, 0.010738970175023597], [-0.021477940350047194, -0.010738970175023597, 0, 0.010738970175023597, 0.021477940350047194], [-0.032216910525070794, -0.021477940350047194, -0.010738970175023597, 0, 0.010738970175023597, 0.021477940350047194, 0.032216910525070794], [-0.042955880700094387, -0.032216910525070794, -0.021477940350047194, -0.010738970175023597, 0, 0.010738970175023597, 0.021477940350047194, 0.032216910525070794, 0.042955880700094387], [-0.05369485087511798, -0.042955880700094387, -0.032216910525070794, -0.021477940350047194, -0.010738970175023597, 0, 0.010738970175023597, 0.021477940350047194, 0.032216910525070794, 0.042955880700094387, 0.05369485087511798]],
    "prob_slice0": [0.16666666666666666, 0.66666666666666663, 0.16666666666666666],
    "desc_slice0": [0, 1, 2]
  },
  "jamshidian_ref": {
    "hw_a": 0.1, "hw_sigma": 0.01,
    "npv": 1030.066196688638
  },
  "tree_swaption_hw": {
    "hw_a": 0.1, "hw_sigma": 0.01,
    "time_steps": 100,
    "npv": 1006.4737299222885
  },
  "analytic_cap_ref": {
    "hw_a": 0.1, "hw_sigma": 0.01,
    "strike": 0.04, "length_years": 5,
    "npv": 53030.685767007853
  },
  "tree_cap_hw": {
    "hw_a": 0.1, "hw_sigma": 0.01,
    "strike": 0.04,
    "time_steps": 100,
    "npv": 53097.360049929855
  },
  "bk_zero_bond": {
    "a": 0.10000000000000001, "sigma": 0.10000000000000001,
    "end": 2.0, "steps": 50,
    "pv_at_zero": 0.9048374180359845,
    "curve_discount_2y": 0.90483741803595952
  }
}
