{
  "brownian_bridge_4steps": {
    "size": 4,
    "times": [0.25, 0.5, 0.75, 1],
    "std_deviation": [1, 0.5, 0.35355339059327379, 0.35355339059327379],
    "left_weight": [0, 0.5, 0.5, 0.5],
    "right_weight": [0, 0.5, 0.5, 0.5],
    "bridge_index": [3, 1, 0, 2],
    "left_index": [0, 0, 0, 2],
    "right_index": [0, 3, 1, 3]
  },
  "brownian_bridge_transform_zeros": [0, 0, 0, 0],
  "brownian_bridge_transform_impulse": [0.5, 0.5, 0.5, 0.5],
  "analytic_european": {
    "call_npv": 10.450583572185575,
    "put_npv": 5.5735260222569663
  },
  "mc_european_pseudo_seed42_n10000_steps1": {
    "call_npv": 10.347037622311385,
    "call_error": 0.14503619093972894,
    "put_npv": 5.6104625216734121,
    "put_error": 0.08757965551000553
  },
  "mc_european_antithetic_seed42_n10000_steps1": {
    "call_npv": 10.431282614005214,
    "call_error": 0.073846236846715652
  },
  "mc_european_pseudo_seed42_n10000_steps12": {
    "call_npv": 10.401224021902932,
    "call_error": 0.1424641237840843
  },
  "analytic_discr_geom_av_call": {
    "npv": 5.8934783559092754
  },
  "mc_discr_arith_av_call_no_cv": {
    "npv": 6.0861725490575012,
    "error": 0.082641394999585671
  },
  "mc_discr_arith_av_call_with_cv": {
    "npv": 6.1025233926889841,
    "error": 0.0032855515733694433
  }
}
