{
  "linear_op_layout_1d": {
    "size": 8,
    "dim": [8],
    "spacing": [1],
    "index_at_3": 3
  },
  "uniform_1d_mesher": {
    "size": 11,
    "locations": [-2, -1.6000000000000001, -1.2, -0.79999999999999993, -0.39999999999999991, 1.1102230246251565e-16, 0.40000000000000013, 0.80000000000000016, 1.2000000000000002, 1.6000000000000001, 2],
    "dplus_at_5": 0.40000000000000002,
    "dminus_at_5": 0.40000000000000002
  },
  "uniform_grid_mesher_1d": {
    "locations": [-2, -1.6000000000000001, -1.2, -0.79999999999999993, -0.39999999999999991, 1.1102230246251565e-16, 0.40000000000000013, 0.80000000000000016, 1.2000000000000002, 1.6000000000000001, 2],
    "location_at_idx5": 1.1102230246251565e-16,
    "dplus_at_idx5": 0.40000000000000002,
    "dminus_at_idx5": 0.40000000000000002
  },
  "fdm_bs_mesher_uniform": {
    "size": 11,
    "locations": [3.4894652413505529, 3.7176062302780606, 3.9457472192055683, 4.1738882081330759, 4.4020291970605836, 4.6301701859880913, 4.8583111749155998, 5.0864521638431075, 5.3145931527706152, 5.5427341416981228, 5.7708751306256305]
  },
  "fdm_bs_mesher_concentrating": {
    "size": 11,
    "locations": [3.4894652413505529, 3.9136227902012743, 4.1872364821972496, 4.3698696397257688, 4.5012799136599453, 4.6100741783643064, 4.7199359995814962, 4.8547813408273699, 5.043964860761224, 5.3286701672134313, 5.7708751306256305]
  },
  "deriv_ops_x_squared": {
    "x": [-2, -1.6000000000000001, -1.2, -0.79999999999999993, -0.39999999999999991, 1.1102230246251565e-16, 0.40000000000000013, 0.80000000000000016, 1.2000000000000002, 1.6000000000000001, 2],
    "d1_apply_x_squared": [-3.5999999999999988, -3.1999999999999993, -2.4000000000000004, -1.5999999999999996, -0.79999999999999971, 2.3508972546437687e-16, 0.80000000000000016, 1.6000000000000001, 2.3999999999999999, 3.1999999999999988, 3.5999999999999988],
    "d2_apply_x_squared": [0, 1.9999999999999949, 2.0000000000000031, 2.0000000000000004, 2, 2, 1.9999999999999996, 2.0000000000000004, 1.9999999999999991, 1.9999999999999964, 0]
  },
  "deriv_ops_x_cubed": {
    "d1_apply_x_cubed": [9.759999999999998, 7.839999999999999, 4.4800000000000004, 2.0799999999999996, 0.63999999999999979, 0.16, 0.64000000000000012, 2.0800000000000005, 4.4800000000000004, 7.8399999999999981, 9.759999999999998],
    "d2_apply_x_cubed": [-0, -9.599999999999989, -7.2000000000000037, -4.7999999999999998, -2.3999999999999995, 6.9602656971312621e-16, 2.4000000000000004, 4.8000000000000007, 7.1999999999999966, 9.5999999999999943, 0]
  },
  "fd_european": {
    "analytic_call_npv": 10.450583572185575,
    "fd_call_npv": 10.452156734646319,
    "analytic_put_npv": 5.5735260222569663,
    "fd_put_npv": 5.5738967078390793
  },
  "fd_american": {
    "european_put_npv": 5.5738967078390793,
    "american_put_npv": 6.0870154920462172
  },
  "implied_vol_european": {
    "npv_at_vol20": 10.450583572185575,
    "recovered_vol": 0.19999995701296824,
    "target_vol": 0.20000000000000001
  }
}
