{
  "lsm_monomial_order_3": {
    "order": 3,
    "basis_count": 4,
    "xs": [0.5, 1, 1.5],
    "values": [
      [1, 1, 1],
      [0.5, 1, 1.5],
      [0.25, 1, 2.25],
      [0.125, 1, 3.375]
    ]
  },
  "lsm_laguerre_order_3": {
    "order": 3,
    "basis_count": 4,
    "xs": [0.5, 1, 1.5],
    "values": [
      [0.77880078307140488, 0.60653065971263342, 0.47236655274101469],
      [-0.38940039153570244, 0, 0.23618327637050734],
      [0.19470019576785122, -0.60653065971263342, -0.82664146729677568],
      [0.68145068518747931, 2.4261226388505337, 1.9485120300566856]
    ]
  },
  "lsm_hermite_order_3": {
    "order": 3,
    "basis_count": 4,
    "xs": [0.5, 1, 1.5],
    "values": [
      [0.88249690258459546, 0.60653065971263342, 0.32465246735834974],
      [0.44124845129229773, 0.60653065971263342, 0.48697870103752461],
      [-0.22062422564614886, 0.30326532985631671, 0.56814181787711204],
      [-0.55156056411537213, -0.30326532985631671, 0.36523402577814346]
    ]
  },
  "lsm_chebyshev2nd_order_3": {
    "order": 3,
    "basis_count": 4,
    "xs": [-0.5, 0, 0.5],
    "values": [
      [0.93060485910209956, 1, 0.93060485910209956],
      [-0.46530242955104978, 0, 0.46530242955104978],
      [0, -0.25, 0],
      [0.11632560738776244, -0, -0.11632560738776244]
    ]
  },
  "analytic_european_put_lsm1998_setup": {
    "npv": 3.8443077915968407
  },
  "mc_american_put_lsm1998_monomial_o2": {
    "npv": 4.4762779863542965,
    "error": 0.044477409473884739
  },
  "mc_american_put_lsm1998_laguerre_o2": {
    "npv": 4.4503083248324131,
    "error": 0.048009108562526673
  },
  "mc_american_deep_otm_call": {
    "npv": 0.00057903721792602783
  }
}
