{
  "bates_engine_zero_jump": {
    "lambda": 9.9999999999999998e-13,
    "nu": 0,
    "delta": 9.9999999999999998e-13,
    "call_atm": 10.394218565150059,
    "put_atm": 5.5171610152214621,
    "call_otm_low": 25.044557201355566,
    "call_otm_high": 2.3326334892154055
  },
  "bates_engine_amst": {
    "lambda": 0.10000000000000001,
    "nu": -0.050000000000000003,
    "delta": 0.10000000000000001,
    "call_atm": 10.504646157835758,
    "put_atm": 5.6275886079071489,
    "call_otm_low": 25.08476888907299,
    "call_otm_high": 2.4413511891522943,
    "call_skew_low": 17.150023745169083,
    "call_skew_high": 5.5568494584943577
  },
  "bates_engine_b96": {
    "rho": -0.5,
    "call_atm": 10.480742170853553,
    "put_atm": 5.6036846209249509
  }
}
