{
  "textbook": {
    "ko_call": 1.1146818372767293,
    "ki_call": 9.3359017349088464,
    "vanilla_call": 10.450583572185575,
    "ko_put": 1.4586846833811102,
    "ki_put": 4.1148413388758556,
    "vanilla_put": 5.5735260222569663,
    "ko_call_s10": 1.1146818372767293
  },
  "asymmetric": {
    "ko_call": 0.8862713779985707
  }
}
