{
  "setup": {
    "eval_date_serial": 45306,
    "calendar": "TARGET",
    "day_counter": "Actual365Fixed"
  },
  "constant_capfloor_term_vol": {
    "vol": 0.18,
    "v_at_2y_5pct": 0.17999999999999999,
    "v_at_2y_3pct": 0.17999999999999999,
    "max_date_serial": 109574
  },
  "capfloor_term_vol_curve": {
    "tenor_years": [1, 2, 3, 5],
    "vols": [0.20, 0.18, 0.16, 0.15],
    "v_at_2y": 0.17999999999999999,
    "v_at_2_5y": 0.16935225825198075,
    "d2y_serial": 46037,
    "d2_5y_serial": 46218
  },
  "capfloor_term_vol_surface": {
    "v_2y_4pct": 0.17999999999999999,
    "v_3y_2pct": 0.17999999999999999,
    "v_2y_3pct": 0.19,
    "v_2_5y_4pct": 0.16935225825198075,
    "d2y_serial": 46037,
    "d3y_serial": 46402
  },
  "constant_optionlet_vol": {
    "vol": 0.20,
    "v": 0.20000000000000001,
    "black_variance": 0.080109589041095913,
    "t_2y": 2.0027397260273974
  },
  "constant_swaption_vol": {
    "vol": 0.20,
    "v": 0.20000000000000001,
    "black_variance": 0.080109589041095913,
    "t_2y": 2.0027397260273974
  },
  "swaption_vol_matrix": {
    "v_2y_5y": 0.25,
    "v_5y_10y": 0.20000000000000001,
    "v_3y_5y": 0.24000912408759126,
    "d2y_serial": 46037,
    "d3y_serial": 46402,
    "d5y_serial": 47133
  },
  "optionlet_stripper_1": {
    "input_cap_vol": 0.18,
    "strikes": [0.02, 0.04, 0.06],
    "probe_strike": 0.04,
    "n_fixings": 19,
    "times": [0.24931506849315069, 0.49863013698630138, 0.75068493150684934, 1.0027397260273974, 1.2493150684931507, 1.4986301369863013, 1.7506849315068493, 2.0027397260273974, 2.2493150684931509, 2.4986301369863013, 2.7506849315068491, 3, 3.2493150684931509, 3.4986301369863013, 3.7479452054794522, 3.9972602739726026, 4.2438356164383562, 4.4958904109589044, 4.7479452054794518],
    "caplet_vols_04": [0.18000000000001995, 0.1800000000039422, 0.18000000000281363, 0.1800000000000877, 0.18000000000000019, 0.18000000000000024, 0.17999999999999994, 0.18000000000000016, 0.18000000000000033, 0.1800000000000001, 0.17999999999999997, 0.17999999999999991, 0.18000000000026636, 0.18000000000000854, 0.17999999999999999, 0.18000000000000016, 0.18000000000000335, 0.17999999999999999, 0.18000000000000005]
  }
}
