{
  "cubic_natural_spline": {
    "xs": [0.0, 1.0, 2.0, 3.0, 4.0],
    "ys": [0.0, 1.0, 0.5, 1.5, 1.0],
    "pillars": [
      0,
      1,
      0.5,
      1.5,
      0.99999999999999989
    ],
    "mids_x": [0.5, 1.25, 2.7, 3.4],
    "mids_y": [
      0.70089285714285721,
      0.90011160714285721,
      1.2157500000000001,
      1.5057142857142858
    ],
    "derivative_at_1_5": -0.79464285714285721,
    "second_derivative_at_1_5": 0.32142857142857117,
    "primitive_at_2_5": 1.7003348214285716
  },
  "monotonic_cubic_natural_spline": {
    "xs": [0.0, 1.0, 2.0, 3.0, 4.0],
    "ys": [0.0, 0.5, 1.5, 3.0, 3.2],
    "pillars": [
      0,
      0.5,
      1.5,
      3,
      3.2000000000000002
    ],
    "mids_x": [0.5, 1.25, 2.7, 3.4],
    "mids_y": [
      0.22187500000000002,
      0.67851562499999996,
      2.6807250000000002,
      3.1568000000000001
    ]
  },
  "bicubic_spline": {
    "xs": [0.0, 1.0, 2.0, 3.0],
    "ys": [0.0, 1.0, 2.0, 3.0],
    "z": [
      [1, 1.8414709848078965, 1.9092974268256817, 1.1411200080598671],
      [0.54030230586813977, 1.3817732906760363, 1.4495997326938215, 0.68142231392800701],
      [-0.41614683654714241, 0.4253241482607541, 0.4931505902785393, -0.27502682848727522],
      [-0.98999249660044542, -0.14852151179254891, -0.080695069774763706, -0.84887248854057817]
    ],
    "pillars": [
      [1, 1.8414709848078965, 1.9092974268256817, 1.1411200080598671],
      [0.54030230586813977, 1.3817732906760363, 1.4495997326938215, 0.68142231392800701],
      [-0.41614683654714241, 0.4253241482607541, 0.4931505902785393, -0.27502682848727528],
      [-0.98999249660044564, -0.14852151179254919, -0.080695069774763983, -0.84887248854057806]
    ],
    "mids_xy": [[0.5, 0.5], [1.5, 2.25], [2.7, 1.1], [0.25, 2.75]],
    "mids_z": [
      1.306591234984831,
      0.39215534188647633,
      0.87664562995011264,
      -0.63254757081255941
    ]
  }
}
