{
  "fv_n_rates": 5,
  "fv_n_factors": 5,
  "fv_n_steps": 5,
  "fv_pr0_rows": 5,
  "fv_pr0_cols": 5,
  "fv_pr0_0_0": 0.13398835741173656,
  "fv_pr0_1_0": 0.13747786802687254,
  "fv_pr0_4_0": 0.13398835741173656,
  "fv_pr0_4_4": 0.0046710682525796928,
  "fv_cov0_0_0": 0.02,
  "fv_cov0_0_1": 0.019048374180359599,
  "fv_cov0_4_4": 0.02,
  "fv_cov2_2_2": 0.020000000000000004,
  "fv_cov2_2_3": 0.019048374180359602,
  "fv_totcov4_4_4": 0.099999999999999992,
  "fv_totcov4_0_4": 0.016703200460356397,
  "fv_tdv4_step0": 0.20000000000000001,
  "fv_tdv4_step4": 0.20000000000000001,
  "fv3_pr0_cols": 3,
  "fv3_cov0_0_0": 0.020000000000000004,
  "fv3_cov0_4_4": 0.020000000000000004,
  "av_n_rates": 5,
  "av_n_steps": 5,
  "av_pr0_rows": 5,
  "av_pr0_cols": 5,
  "av_cov0_0_0": 0.024049188995180021,
  "av_cov0_4_4": 0.032958236395371807,
  "av_cov3_4_4": 0.046415378527836657,
  "av_cov3_3_4": 0.031331046473258135,
  "av_totcov4_4_4": 0.19374806626946359,
  "pcav_var0": 0.032958236395371814,
  "pcav_var2": 0.048725809205120096,
  "pcav_var4": 0.024049188995179993,
  "pcav_vol0": 0.2567420354962226,
  "pcav_vol4": 0.21931342409975726,
  "pcav_totvar4": 0.19374806626946361,
  "pcav_totvol4": 0.27838682890500666,
  "pcav2_var0": 0.048725809205120138,
  "pcav2_var2": 0.024049188995180007,
  "pcav2_totvol2": 0.28188694746669485,
  "prf_n_rates": 5,
  "prf_n_factors": 5,
  "prf_n_steps": 5,
  "prf_init0": 0.040000000000000001,
  "prf_init4": 0.059999999999999998,
  "prf_pr0_0_0": 0.13398835741173656,
  "prf_pr0_4_4": 0.0046710682525796928,
  "prf_cov0_4_4": 0.02,
  "f2c_n_rates": 5,
  "f2c_init0": 0.049741433964329222,
  "f2c_init4": 0.060000000000000088,
  "f2c_swapcov0_0_0": 0.018403451449764081,
  "f2c_swapcov0_4_4": 0.019999999999999938,
  "f2c_swapcov0_3_4": 0.019525182724432467,
  "c2f_init0": 0.039999999999999779,
  "c2f_init1": 0.044999999999999769,
  "c2f_init4": 0.060000000000000053,
  "c2f_pr0_0_0": 0.13398835741173701,
  "orig_pr0_0_0": 0.13398835741173656,
  "c2f_pr0_4_4": 0.0046710682525796894,
  "orig_pr0_4_4": 0.0046710682525796928
}
