{
  "pr5_pr_0_0_0": 0.082472044415670437,
  "pr5_pr_0_0_1": 0.017515289975564348,
  "pr5_pr_0_0_2": 0.008259118784918508,
  "pr5_pr_0_0_3": 0.0044157968172830828,
  "pr5_pr_0_0_4": 0.0019657574460386217,
  "pr5_pr_0_1_0": 0.083625992845278621,
  "pr5_pr_0_1_1": 0.011064910748358921,
  "pr5_pr_0_1_2": -0.0030622305923232386,
  "pr5_pr_0_1_3": -0.0069900212922511572,
  "pr5_pr_0_1_4": -0.0051013152133125754,
  "pr5_pr_0_2_0": 0.08401165714143706,
  "pr5_pr_0_2_1": -2.0825556940370795e-17,
  "pr5_pr_0_2_2": -0.010119175174565733,
  "pr5_pr_0_2_3": -8.9363392830574416e-18,
  "pr5_pr_0_2_4": 0.0062963289412227867,
  "pr5_pr_0_3_0": 0.083625992845278621,
  "pr5_pr_0_3_1": -0.011064910748358855,
  "pr5_pr_0_3_2": -0.0030622305923232638,
  "pr5_pr_0_3_3": 0.0069900212922511615,
  "pr5_pr_0_3_4": -0.0051013152133125832,
  "pr5_pr_0_4_0": 0.082472044415670423,
  "pr5_pr_0_4_1": -0.017515289975564386,
  "pr5_pr_0_4_2": 0.0082591187849184941,
  "pr5_pr_0_4_3": -0.004415796817283075,
  "pr5_pr_0_4_4": 0.001965757446038593,
  "pr5_pr_1_0_0": 0,
  "pr5_pr_1_0_1": 0,
  "pr5_pr_1_0_2": 0,
  "pr5_pr_1_0_3": 0,
  "pr5_pr_1_0_4": 0,
  "pr5_pr_1_1_0": 0.083090778243233479,
  "pr5_pr_1_1_1": -0.015581807595770415,
  "pr5_pr_1_1_2": -0.0067228660925903044,
  "pr5_pr_1_1_3": 0.0028165430022080457,
  "pr5_pr_1_1_4": 0,
  "pr5_pr_1_2_0": 0.084071782759218852,
  "pr5_pr_1_2_1": -0.0065671438462458704,
  "pr5_pr_1_2_2": 0.0066444192965221891,
  "pr5_pr_1_2_3": -0.0066827881607477357,
  "pr5_pr_1_2_4": 0,
  "pr5_pr_1_3_0": 0.084071782759218852,
  "pr5_pr_1_3_1": 0.0065671438462458851,
  "pr5_pr_1_3_2": 0.0066444192965221882,
  "pr5_pr_1_3_3": 0.0066827881607477331,
  "pr5_pr_1_3_4": 0,
  "pr5_pr_1_4_0": 0.083090778243233493,
  "pr5_pr_1_4_1": 0.015581807595770396,
  "pr5_pr_1_4_2": -0.0067228660925903209,
  "pr5_pr_1_4_3": -0.0028165430022080423,
  "pr5_pr_1_4_4": 0,
  "pr5_pr_2_0_0": 0,
  "pr5_pr_2_0_1": 0,
  "pr5_pr_2_0_2": 0,
  "pr5_pr_2_0_3": 0,
  "pr5_pr_2_0_4": 0,
  "pr5_pr_2_1_0": 0,
  "pr5_pr_2_1_1": 0,
  "pr5_pr_2_1_2": 0,
  "pr5_pr_2_1_3": 0,
  "pr5_pr_2_1_4": 0,
  "pr5_pr_2_2_0": 0.083717149241562289,
  "pr5_pr_2_2_1": -0.01308788170542783,
  "pr5_pr_2_2_2": 0.0044884602405181962,
  "pr5_pr_2_2_3": 0,
  "pr5_pr_2_2_4": 0,
  "pr5_pr_2_3_0": 0.08438414422494224,
  "pr5_pr_2_3_1": -3.7372755887894276e-17,
  "pr5_pr_2_3_2": -0.0089059644859018731,
  "pr5_pr_2_3_3": 0,
  "pr5_pr_2_3_4": 0,
  "pr5_pr_2_4_0": 0.083717149241562289,
  "pr5_pr_2_4_1": 0.013087881705427866,
  "pr5_pr_2_4_2": 0.004488460240518158,
  "pr5_pr_2_4_3": 0,
  "pr5_pr_2_4_4": 0,
  "pr5_pr_3_0_0": 0,
  "pr5_pr_3_0_1": 0,
  "pr5_pr_3_0_2": 0,
  "pr5_pr_3_0_3": 0,
  "pr5_pr_3_0_4": 0,
  "pr5_pr_3_1_0": 0,
  "pr5_pr_3_1_1": 0,
  "pr5_pr_3_1_2": 0,
  "pr5_pr_3_1_3": 0,
  "pr5_pr_3_1_4": 0,
  "pr5_pr_3_2_0": 0,
  "pr5_pr_3_2_1": 0,
  "pr5_pr_3_2_2": 0,
  "pr5_pr_3_2_3": 0,
  "pr5_pr_3_2_4": 0,
  "pr5_pr_3_3_0": 0.084333937202654571,
  "pr5_pr_3_3_1": 0.009369473619084202,
  "pr5_pr_3_3_2": 0,
  "pr5_pr_3_3_3": 0,
  "pr5_pr_3_3_4": 0,
  "pr5_pr_3_4_0": 0.084333937202654571,
  "pr5_pr_3_4_1": -0.0093694736190841985,
  "pr5_pr_3_4_2": 0,
  "pr5_pr_3_4_3": 0,
  "pr5_pr_3_4_4": 0,
  "pr5_pr_4_0_0": 0,
  "pr5_pr_4_0_1": 0,
  "pr5_pr_4_0_2": 0,
  "pr5_pr_4_0_3": 0,
  "pr5_pr_4_0_4": 0,
  "pr5_pr_4_1_0": 0,
  "pr5_pr_4_1_1": 0,
  "pr5_pr_4_1_2": 0,
  "pr5_pr_4_1_3": 0,
  "pr5_pr_4_1_4": 0,
  "pr5_pr_4_2_0": 0,
  "pr5_pr_4_2_1": 0,
  "pr5_pr_4_2_2": 0,
  "pr5_pr_4_2_3": 0,
  "pr5_pr_4_2_4": 0,
  "pr5_pr_4_3_0": 0,
  "pr5_pr_4_3_1": 0,
  "pr5_pr_4_3_2": 0,
  "pr5_pr_4_3_3": 0,
  "pr5_pr_4_3_4": 0,
  "pr5_pr_4_4_0": 0.084852813742385694,
  "pr5_pr_4_4_1": 0,
  "pr5_pr_4_4_2": 0,
  "pr5_pr_4_4_3": 0,
  "pr5_pr_4_4_4": 0,
  "pr5_init_0": 0.040000000000000001,
  "pr5_init_1": 0.044999999999999998,
  "pr5_init_2": 0.050000000000000003,
  "pr5_init_3": 0.055,
  "pr5_init_4": 0.059999999999999998,
  "pr2_pr_0_0_0": 0.08300158045269565,
  "pr2_pr_0_0_1": 0.017627752050522267,
  "pr2_pr_0_1_0": 0.084119664572643069,
  "pr2_pr_0_1_1": 0.01113023055403683,
  "pr2_pr_0_2_0": 0.084852813742385708,
  "pr2_pr_0_2_1": -2.1034070321547566e-17,
  "pr2_pr_0_3_0": 0.084119664572643083,
  "pr2_pr_0_3_1": -0.011130230554036766,
  "pr2_pr_0_4_0": 0.083001580452695636,
  "pr2_pr_0_4_1": -0.017627752050522302,
  "pr2_pr_1_0_0": 0,
  "pr2_pr_1_0_1": 0,
  "pr2_pr_1_1_0": 0.083399054854123494,
  "pr2_pr_1_1_1": -0.015639617944147498,
  "pr2_pr_1_2_0": 0.084595118218411244,
  "pr2_pr_1_2_1": -0.0066080234270940686,
  "pr2_pr_1_3_0": 0.084595118218411244,
  "pr2_pr_1_3_1": 0.0066080234270940834,
  "pr2_pr_1_4_0": 0.083399054854123494,
  "pr2_pr_1_4_1": 0.01563961794414748,
  "pr2_pr_2_0_0": 0,
  "pr2_pr_2_0_1": 0,
  "pr2_pr_2_1_0": 0,
  "pr2_pr_2_1_1": 0,
  "pr2_pr_2_2_0": 0.083834519827460249,
  "pr2_pr_2_2_1": -0.01310623078154719,
  "pr2_pr_2_3_0": 0.084852813742385708,
  "pr2_pr_2_3_1": -3.758032416542306e-17,
  "pr2_pr_2_4_0": 0.083834519827460222,
  "pr2_pr_2_4_1": 0.013106230781547223,
  "pr2_pr_3_0_0": 0,
  "pr2_pr_3_0_1": 0,
  "pr2_pr_3_1_0": 0,
  "pr2_pr_3_1_1": 0,
  "pr2_pr_3_2_0": 0,
  "pr2_pr_3_2_1": 0,
  "pr2_pr_3_3_0": 0.084333937202654571,
  "pr2_pr_3_3_1": 0.009369473619084202,
  "pr2_pr_3_4_0": 0.084333937202654571,
  "pr2_pr_3_4_1": -0.0093694736190841985,
  "pr2_pr_4_0_0": 0,
  "pr2_pr_4_0_1": 0,
  "pr2_pr_4_1_0": 0,
  "pr2_pr_4_1_1": 0,
  "pr2_pr_4_2_0": 0,
  "pr2_pr_4_2_1": 0,
  "pr2_pr_4_3_0": 0,
  "pr2_pr_4_3_1": 0,
  "pr2_pr_4_4_0": 0.084852813742385694,
  "pr2_pr_4_4_1": 0,
  "pr2_init_0": 0.040000000000000001,
  "pr2_init_1": 0.044999999999999998,
  "pr2_init_2": 0.050000000000000003,
  "pr2_init_3": 0.055,
  "pr2_init_4": 0.059999999999999998,
  "cotswap_pr_pr_0_0_0": 0.082817940786680116,
  "cotswap_pr_pr_0_0_1": -0.00134444534488113,
  "cotswap_pr_pr_0_0_2": 2.6786789308975717e-05,
  "cotswap_pr_pr_0_0_3": -5.4102230449560677e-05,
  "cotswap_pr_pr_0_0_4": 2.4532980951341288e-06,
  "cotswap_pr_pr_0_1_0": 0.083136642986150866,
  "cotswap_pr_pr_0_1_1": -0.0051772260393297366,
  "cotswap_pr_pr_0_1_2": -0.0016572325303686854,
  "cotswap_pr_pr_0_1_3": -0.00096686504603241455,
  "cotswap_pr_pr_0_1_4": -0.00039896100581289252,
  "cotswap_pr_pr_0_2_0": 0.083197333405288579,
  "cotswap_pr_pr_0_2_1": -0.0098699368312244202,
  "cotswap_pr_pr_0_2_2": -0.0012632056261777517,
  "cotswap_pr_pr_0_2_3": 0.000770913159895615,
  "cotswap_pr_pr_0_2_4": 0.00095862946665566638,
  "cotswap_pr_pr_0_3_0": 0.08298020716841413,
  "cotswap_pr_pr_0_3_1": -0.01437162759690495,
  "cotswap_pr_pr_0_3_2": 0.0027557778339204852,
  "cotswap_pr_pr_0_3_3": 0.0011261310550729666,
  "cotswap_pr_pr_0_3_4": -0.001467546618817797,
  "cotswap_pr_pr_0_4_0": 0.082472044415670298,
  "cotswap_pr_pr_0_4_1": -0.017515289975564358,
  "cotswap_pr_pr_0_4_2": 0.008259118784918482,
  "cotswap_pr_pr_0_4_3": -0.0044157968172830681,
  "cotswap_pr_pr_0_4_4": 0.00196575744603859,
  "cotswap_pr_pr_1_0_0": 0,
  "cotswap_pr_pr_1_0_1": 0,
  "cotswap_pr_pr_1_0_2": 0,
  "cotswap_pr_pr_1_0_3": 0,
  "cotswap_pr_pr_1_0_4": 0,
  "cotswap_pr_pr_1_1_0": 0.0833159568991821,
  "cotswap_pr_pr_1_1_1": 0.0008918370053468364,
  "cotswap_pr_pr_1_1_2": -2.3747167899884352e-05,
  "cotswap_pr_pr_1_1_3": -2.971248346194598e-05,
  "cotswap_pr_pr_1_1_4": 0,
  "cotswap_pr_pr_1_2_0": 0.083583058154492407,
  "cotswap_pr_pr_1_2_1": 0.0056391172880598216,
  "cotswap_pr_pr_1_2_2": 0.0019149237794021949,
  "cotswap_pr_pr_1_2_3": -0.00085247726355709317,
  "cotswap_pr_pr_1_2_4": 0,
  "cotswap_pr_pr_1_3_0": 0.083514560439139851,
  "cotswap_pr_pr_1_3_1": 0.011194048774477211,
  "cotswap_pr_pr_1_3_2": -0.00022690826320667402,
  "cotswap_pr_pr_1_3_3": 0.001798503970123669,
  "cotswap_pr_pr_1_3_4": 0,
  "cotswap_pr_pr_1_4_0": 0.083090778243233368,
  "cotswap_pr_pr_1_4_1": 0.015581807595770372,
  "cotswap_pr_pr_1_4_2": -0.0067228660925903105,
  "cotswap_pr_pr_1_4_3": -0.0028165430022080379,
  "cotswap_pr_pr_1_4_4": 0,
  "cotswap_pr_pr_2_0_0": 0,
  "cotswap_pr_pr_2_0_1": 0,
  "cotswap_pr_pr_2_0_2": 0,