{
  "ail_a0_i0": 0.86956521739130443,
  "ail_a0_i2": 0.68965517241379315,
  "ail_a0_i4": 0.5714285714285714,
  "ail_a1_i3": 1.6666666666666667,
  "alh_a0_i0": 0.85165711798293386,
  "alh_a0_i2": 0.61787855124240443,
  "alh_a0_i4": 0.46325137517610426,
  "alh_a1_i3": 1.2484694375041101,
  "af_solve_ok": 1,
  "af_alpha": 0,
  "af_a": -3.1737071778742734,
  "af_b": 0,
  "af_v0": -0.57126729201736914,
  "af_v1": 0,
  "afh_solve_ok": 0,
  "afh_alpha": 0,
  "afh_a": 0,
  "afh_b": 0,
  "afh_v0": 0,
  "afh_v1": 0,
  "sc1_nonempty": 1,
  "sc1_close_y1": 1,
  "sc1_close_y2": 0,
  "sc1_close_y3": 0,
  "sc1_proj_y1": 1,
  "sc1_proj_y2": 0,
  "sc1_proj_y3": 0,
  "sc2_nonempty": 1,
  "sc2_close_y1": 1.0330579189253917,
  "sc2_close_y2": 0.99945343763295058,
  "sc2_close_y3": 4.7889335098901942,
  "sc2_proj_y1": 1,
  "sc2_proj_y2": 1,
  "sc2_proj_y3": 4.7958315233127191,
  "mh_result": 1,
  "mh_failures": 0,
  "mh_caplet_rms": 5.8953228944220981e-07,
  "mh_caplet_max": 1.0744822737662751e-06,
  "mh_swaption_rms": 1.962615573354719e-17,
  "mh_swaption_max": 2.7755575615628914e-17,
  "mh_caplet_vol_0": 0.16399902339531822,
  "mh_caplet_vol_1": 0.17400103630185751,
  "mh_caplet_vol_2": 0.18400107448227376,
  "mh_caplet_vol_3": 0.19400051462978035,
  "mh_caplet_vol_4": 0.18400016054426982,
  "mh_caplet_vol_5": 0.17400004766549118,
  "mh_caplet_vol_6": 0.16400001884861032,
  "mh_caplet_vol_7": 0.15400000687454449,
  "mh_caplet_vol_8": 0.14399999999999988,
  "mh_caplet_vol_9": 0.13403764391255288,
  "mh_swaption_vol_0": 0.13150752030584809,
  "mh_swaption_vol_1": 0.14601442015574795,
  "mh_swaption_vol_2": 0.15099975287229675,
  "mh_swaption_vol_3": 0.15116299932066898,
  "mh_swaption_vol_4": 0.14907216282457403,
  "mh_swaption_vol_5": 0.14606646214430399,
  "mh_swaption_vol_6": 0.14281924545417393,
  "mh_swaption_vol_7": 0.13965311397527516,
  "mh_swaption_vol_8": 0.13670941610885243,
  "mh_swaption_vol_9": 0.13403764391255318,
  "oc_result": 1,
  "oc_failures": 0,
  "oc_caplet_rms": 1.2857674704923505e-05,
  "oc_caplet_max": 3.7657799863255459e-05,
  "oc_swaption_rms": 1.7554167342883506e-17,
  "oc_swaption_max": 2.7755575615628914e-17,
  "oc_caplet_vol_0": 0.16400060531556548,
  "oc_caplet_vol_1": 0.17403765779986324,
  "oc_caplet_vol_2": 0.18401522632690451,
  "oc_caplet_vol_3": 0.19400167308500016,
  "oc_caplet_vol_4": 0.18399980945451755,
  "oc_caplet_vol_5": 0.17399979101693533,
  "oc_caplet_vol_6": 0.1639999618496546,
  "oc_caplet_vol_7": 0.15400000305445172,
  "oc_caplet_vol_8": 0.14399999999999996,
  "oc_caplet_vol_9": 0.13403764391255285,
  "oc_swaption_vol_0": 0.13150752030584809,
  "oc_swaption_vol_1": 0.14601442015574795,
  "oc_swaption_vol_2": 0.15099975287229669,
  "oc_swaption_vol_3": 0.15116299932066898,
  "oc_swaption_vol_4": 0.14907216282457406,
  "oc_swaption_vol_5": 0.14606646214430399,
  "oc_swaption_vol_6": 0.1428192454541739,
  "oc_swaption_vol_7": 0.13965311397527516,
  "oc_swaption_vol_8": 0.13670941610885246,
  "oc_swaption_vol_9": 0.13403764391255318
}
