{
  "can_rate_times": [0.5, 1, 1.5, 2, 2.5, 3, 3.5, 4, 4.5, 5],
  "can_payment_times": [1, 1.5, 2, 2.5, 3, 3.5, 4, 4.5, 5],
  "can_accruals": [0.5, 0.5, 0.5, 0.5, 0.5, 0.5, 0.5, 0.5, 0.5],
  "can_forwards": [0.029999999999999999, 0.031, 0.032000000000000001, 0.033000000000000002, 0.034000000000000002, 0.034999999999999996, 0.035999999999999997, 0.036999999999999998, 0.037999999999999999],
  "can_discounts": [0.94999999999999996, 0.935960591133005, 0.92167463430133423, 0.90716007313123448, 0.89243489732536596, 0.87751710651461756, 0.86242467470724082, 0.84717551542950964, 0.83178744764802126, 0.81627816255939289],
  "can_volatilities": [0.15541283, 0.18719678000000001, 0.20890739999999999, 0.22318178999999999, 0.23212716999999999, 0.23731450000000004, 0.23988649000000001, 0.24066383999999999, 0.24023111],
  "can_displacement": 0,
  "can_n": 9,
  "can_forward_strikes": [0.040000000000000001, 0.041000000000000002, 0.042000000000000003, 0.043000000000000003, 0.044000000000000004, 0.044999999999999998, 0.045999999999999999, 0.047, 0.048000000000000001],
  "can_expected_forwards": [-0.0046798029556650257, -0.0046083731715066724, -0.0045358003656561733, -0.004462174486626831, -0.0043875855325730883, -0.0043121233735362047, -0.0042358775771475492, -0.004158937238240107, -0.004081390812796965],
  "can_expected_caplets": [0.00061519425337957926, 0.0010653296785924024, 0.0014775089506096357, 0.0018464800143507946, 0.0021720929801560727, 0.0024575674921438842, 0.0027074682326063493, 0.002926569410130142, 0.0031193077939421538],
  "fwd_done0": 0,
  "fwd_n0": 1,
  "fwd_ti00": 0,
  "fwd_amt00": 0.005000000000000001,
  "fwd_amt11": 0.0025000000000000022,
  "fwd_done2": 1,
  "fwd_amt22": 0,
  "opt_n0": 1,
  "opt_amt00": 0.005000000000000001,
  "opt_amt11": 0.0025000000000000022,
  "opt_done2": 1,
  "opt_amt22": 0,
  "swap_n0": 2,
  "swap_fixed0": -0.022499999999999999,
  "swap_float0": 0.025000000000000001,
  "swap_rec_fixed0": 0.022499999999999999,
  "swap_rec_float0": -0.025000000000000001,
  "swns_np": 3,
  "swns_amt00": 0.014280117816049948,
  "swns_swaprate0": 0.049999999999999781,
  "swns_annuity0": 1.4280117816050262,
  "cotsw_np": 3,
  "cotsw_n0_step0": 2,
  "cotsw_n1_step0": 0,
  "cotsw_fixed00": -0.022499999999999999,
  "cotsw_float00": 0.025000000000000001,
  "osf_done": 1,
  "osf_n0": 1,
  "osf_amt00": 0.005000000000000001,
  "osf_amt11": 0.0025000000000000022,
  "osf_amt22": 0,
  "oso_done": 1,
  "oso_n0": 1,
  "oso_n1": 0,
  "oso_n2": 1,
  "oso_amt00": 0.005000000000000001,
  "oso_amt22": 0.0025000000000000022,
  "rebate_done": 1,
  "rebate_n0": 1,
  "rebate_ti00": 0,
  "rebate_amt00": 1,
  "rebate_amt10": 10,
  "rebate_maxcf": 1
}
