{
  "coin_np": 3,
  "coin_done0": 0,
  "coin_n0_step0": 2,
  "coin_n2_step0": 2,
  "coin_fixed00": -0.022499999999999999,
  "coin_float00": 0.025000000000000001,
  "coin_ti00": 0,
  "coin_n0_step1": 0,
  "coin_n1_step1": 2,
  "coin_fixed11": -0.022499999999999999,
  "invf_n0": 1,
  "invf_ti0": 0,
  "invf_amt0": 0.020500000000000004,
  "invf_amt1": 0.020500000000000004,
  "ratchet_amts": [0.025000000000000001, 0.025000000000000001, 0.025000000000000001],
  "ratchet_done": 1,
  "tarn_np": 1,
  "tarn_ncf": 2,
  "tarn_float": [0.025000000000000001, 0.025000000000000001, 0.025000000000000001],
  "tarn_fixed": [-0.0049999999999999975, -0.0049999999999999975, -0.010000000000000005],
  "tarn_float_ti": [3, 4, 5],
  "tarn_fixed_ti": [0, 1, 2],
  "tarn_done": [0, 0, 1],
  "tarn_steps": 3,
  "swpt_np": 1,
  "swpt_cmrate": 0.049999999999999808,
  "swpt_cmann": 0.96371207614515186,
  "swpt_done0": 0,
  "swpt_n0_step0": 0,
  "swpt_done1": 1,
  "swpt_n0_step1": 1,
  "swpt_amt": 0.0096371207614513333,
  "swpt_ti": 0,
  "pcs_np": 6,
  "pcs_done0": 0,
  "pcs_caplet0_n": 1,
  "pcs_caplet0_amt": 0.0048780487804877181,
  "pcs_swaption0_n": 1,
  "pcs_swaption0_amt": 0.01428011781604999,
  "oscoin_np": 3,
  "oscoin_mx": 6,
  "oscoin_done": 1,
  "oscoin_n0": 2,
  "oscoin_n2": 6,
  "oscoin_p2_fixed0": -0.022499999999999999,
  "oscoin_p2_float0": 0.025000000000000001,
  "oscoin_p2_ti0": 0,
  "oscoin_p2_ti2": 2,
  "oscoin_p0_fixed0": -0.022499999999999999,
  "oscot_np": 3,
  "oscot_mx": 6,
  "oscot_done": 1,
  "oscot_n0": 6,
  "oscot_n2": 2,
  "oscot_p0_fixed0": -0.022499999999999999,
  "oscot_p0_ti0": 0,
  "oscot_p0_ti2": 2,
  "oscot_p2_fixed0": -0.022499999999999999,
  "oscot_p2_ti0": 2,
  "pwcap_deflated": 0,
  "pwcap_np": 3,
  "pwcap_n0": 1,
  "pwcap_amt0_val": 0.005000000000000001,
  "pwcap_amt0_d1": 0.5,
  "pwcap_amt0_d2": 0,
  "pwcap_amt0_d3": 0,
  "pwcap_amt1_val": 0.0025000000000000022,
  "pwcap_amt1_d2": 0.5,
  "pwcap_done2": 1,
  "pwcap_n2": 0,
  "pwdcap_deflated": 1,
  "pwdcap_n0": 1,
  "pwdcap_amt0_val": 0.0048780487804878066,
  "pwdcap_amt0_d1": 0.48542534205829868,
  "pwdcap_amt0_d2": 0,
  "pwswap_deflated": 0,
  "pwswap_np": 1,
  "pwswap_n0": 1,
  "pwswap_ti0": 1,
  "pwswap_amt0_val": 0.0025000000000000022,
  "pwswap_amt0_d1": 0.5,
  "pwswap_amt0_d2": 0,
  "pwswap_amt1_val": 0.0025000000000000022,
  "pwswap_amt1_d2": 0.5,
  "pwswpt_np": 3,
  "pwswpt_n0": 1,
  "pwswpt_amt0_val": 0.014280117816049948,
  "pwswpt_amt0_d1": 0.48083896691899997,
  "pwswpt_amt0_d2": 0.47132082295707256,
  "pwswpt_amt0_d3": 0.46203482884787511,
  "pwswptnum_amt0_val": 0.014280117816049948,
  "pwswptnum_amt0_d1": 0.48083896686881844,
  "pwswptnum_amt0_d2": 0.47132082290572003,
  "pwswptnum_amt0_d3": 0.46203482879231261,
  "pwinvf_np": 1,
  "pwinvf_n0": 1,
  "pwinvf_ti0": 0,
  "pwinvf_amt0_val": 0.020500000000000004,
  "pwinvf_amt0_d1": 1,
  "pwinvf_amt0_d2": 0,
  "pwreb_deflated": 0,
  "pwreb_done": 1,
  "pwreb_n0": 1,
  "pwreb_ti00": 0,
  "pwreb_amt00_val": 1,
  "pwreb_amt00_d1": 0,
  "pwreb_amt10_val": 10,
  "wrap_np": 3,
  "wrap_mx": 1,
  "wrap_n0": 1,
  "wrap_amt0": 0.005000000000000001,
  "wrap_ti0": 0,
  "wrap_amt1": 0.0025000000000000022
}
