{
  "geom_forwards": [0.050000000000000003, 0.050000000000000003, 0.050000000000000003],
  "geom_cot_swap_rates": [0.049999999999999781, 0.049999999999999704, 0.049999999999999822],
  "geom_cot_annuities_self": [1.4280117816050262, 0.96371207614515175, 0.48780487804878053],
  "geom_disc_ratio_to_n": [1.0768906249999997, 1.0506249999999997, 1.0249999999999999],
  "nev_num_exercises": 3,
  "nev_num_pcf": 4,
  "nev_is_exercise_size": 3,
  "nev_time_indices": [0, 1, 2],
  "nev_amounts": [0, 0, 0],
  "bev_num_exercises": 3,
  "bev_strike": 0.044999999999999998,
  "bev_is_exercise_size": 3,
  "bev_time_indices": [0, 1, 2],
  "bev_amounts": [0.0071400589080248197, 0.0048185603807254758, 0.002439024390243817],
  "sbs_num_exercises": 3,
  "sbs_number_of_functions": [3, 3, 2],
  "sbs_values_sizes": [3, 3, 2],
  "sbs_values_flat": [1, 0.050000000000000003, 0.049999999999999704, 1, 0.050000000000000003, 0.049999999999999822, 1, 0.050000000000000003],
  "sfbs_num_exercises": 3,
  "sfbs_number_of_functions": [10, 10, 3],
  "sfbs_values_sizes": [10, 6, 3],
  "sfbs_values_flat": [1, 0.050000000000000003, 0.049999999999999704, 1.0768906249999997, 0.0024999999999999853, 0.053844531249999668, 0.053844531249999987, 0.0025000000000000005, 0.0024999999999999706, 1.15969341821289, 1, 0.050000000000000003, 0.050000000000000003, 0.0025000000000000005, 0.0025000000000000005, 0.0025000000000000005, 1, 0.050000000000000003, 0.0025000000000000005],
  "srt_trigger": 0.040000000000000001,
  "srt_exercise_times": [0.5, 1, 1.5],
  "srt_cot_swap_rates": [0.049999999999999781, 0.049999999999999704, 0.049999999999999822],
  "srt_exercise_flags": [1, 1, 1]
}
