{
  "n_rates": 6,
  "n_factors": 3,
  "n_steps": 6,
  "rate_times": [0.5, 1, 1.5, 2, 2.5, 3, 3.5],
  "rate_taus": [0.5, 0.5, 0.5, 0.5, 0.5, 0.5],
  "accruals": [0.5, 0.5, 0.5, 0.5, 0.5, 0.5],
  "forwards": [0.029999999999999999, 0.032000000000000001, 0.034000000000000002, 0.035999999999999997, 0.037999999999999999, 0.040000000000000001],
  "displacements": [0, 0, 0, 0, 0, 0],
  "volatilities": [0.12, 0.125, 0.13, 0.13500000000000001, 0.13999999999999999, 0.14499999999999999],
  "first_alive_rate": [0, 1, 2, 3, 4, 5],
  "pseudo_roots": [0.079202950131974523, 0.0267907009982256, 0.014462054847622079, 0.085265346456461347, 0.02306681466049278, 0.003200430451999913, 0.090335358573347777, 0.011904961707837799, -0.012157091681796128, 0.093981871132439151, -0.0040869896016102938, -0.016223575883322704, 0.096938033153818409, -0.019891428154174405, -0.0027108696494882747, 0.097197478907638191, -0.029027478489574331, 0.014918297038755062, 0, 0, 0, 0.083551622262224443, -0.025700601535356183, -0.013080730028228824, 0.089915568841518398, -0.018991408119038558, 0.0021252994053269705, 0.094100000190467992, -0.0032549938413088328, 0.015719255047455864, 0.097540591670320143, 0.015192186202205575, 0.0074182514787100671, 0.098006412202032156, 0.027130338540163612, -0.013083879316986709, 0, 0, 0, 0, 0, 0, 0.088064122426370114, -0.023909774901646207, 0.011092024406117475, 0.094242276625574425, -0.01239862657505399, -0.0087844951750840009, 0.097844601893156705, 0.0084374913755510417, -0.012459639627901576, 0.098965532784999977, 0.024607465021036754, 0.010620545457722425, 0, 0, 0, 0, 0, 0, 0, 0, 0, 0.092775501723645667, -0.02100779583586173, 0.007992421037743936, 0.097901665827823267, -0.0016197614569999662, -0.014582187797434079, 0.10011156994249623, 0.021052373315837272, 0.0068535495489057329, 0, 0, 0, 0, 0, 0, 0, 0, 0, 0, 0, 0, 0.097723046981505635, 0.015817904053648787, 0, 0.10139067027223458, -0.01524572011244483, 0, 0, 0, 0, 0, 0, 0, 0, 0, 0, 0, 0, 0, 0, 0, 0, 0.10253048327204939, 0, 0],
  "jac_pseudo_root": [0.079202950131974523, 0.0267907009982256, 0.014462054847622079, 0.085265346456461347, 0.02306681466049278, 0.003200430451999913, 0.090335358573347777, 0.011904961707837799, -0.012157091681796128, 0.093981871132439151, -0.0040869896016102938, -0.016223575883322704, 0.096938033153818409, -0.019891428154174405, -0.0027108696494882747, 0.097197478907638191, -0.029027478489574331, 0.014918297038755062],
  "jac_old_rates": [0.029999999999999999, 0.032000000000000001, 0.034000000000000002, 0.035999999999999997, 0.037999999999999999, 0.040000000000000001],
  "jac_new_rates": [0.030300000000000001, 0.032640000000000002, 0.035020000000000003, 0.037440000000000001, 0.039899999999999998, 0.0424],
  "jac_gaussians": [0.29999999999999999, 0.099999999999999978, -0.10000000000000003],
  "jac_one_step_dfs": [1, 0.98522167487684742, 0.98425196850393704, 0.98328416912487715, 0.98231827111984282, 0.9813542688910698, 0.98039215686274506],
  "jac_n_bumps": 4,
  "jac_B": [0.0067610821200356193, 4.1128978940968947e-05, 4.6751885574955259e-05, 5.2000215594066827e-05, 5.7160012652768788e-05, 6.0904036044589058e-05, 0, 0, 0.0031256127289402279, -2.5578044657157525e-06, -1.3266819780704523e-05, -2.0573261057310895e-05, 0, 0, 0, 0, -0.0038948853415745276, 1.1794092339961806e-05, 0, 0, 0, 0, 0, 0.0090781244311798348],
  "jac_B_all": [0.0067610821200356193, 0.0022422346141452781, -0.0034552485300046363, 0, 0, 0, 0, 0, 0, 0, 0, 0, 0, 0, 0, 0, 0, 0, 4.1128978940968947e-05, 1.1126613258893859e-05, 1.5437741372405493e-06, 0.0071347992473160564, 0.002547735465415838, -0.0033581959243290469, 0, 0, 0, 0, 0, 0, 0, 0, 0, 0, 0, 0, 4.6751885574955259e-05, 6.1612575222928045e-06, -6.2917440989630611e-06, 4.9819594602183298e-05, 6.5655395119445628e-06, -6.7045881999448883e-06, 0.0075362322400923604, 0.0031256127289402279, -0.0030812422176429055, 0, 0, 0, 0, 0, 0, 0, 0, 0, 5.2000215594066827e-05, -2.261333359866346e-06, -8.9765125281517553e-06, 5.5412303231472779e-05, -2.409714813925817e-06, -9.565522536560661e-06, 5.88176807653637e-05, -2.5578044657157525e-06, -1.0153374216536122e-05, 0.0079883830422050085, 0.003927479941283789, -0.0031557890077305193, 0, 0, 0, 0, 0, 0, 5.7160012652768788e-05, -1.1729083497806287e-05, -1.5984783105603274e-06, 6.0910669650981955e-05, -1.2498708399237145e-05, -1.7033653388123172e-06, 6.4653950725894813e-05, -1.3266819780704523e-05, -1.8080460995554541e-06, 6.8389877614020015e-05, -1.4033422102483357e-05, -1.912521200650765e-06, 0.008473242551020773, 0.0047894189481601981, -0.0038948853415745276, 0, 0, 0, 6.0904036044589058e-05, -1.8188646620068253e-05, 9.3478196223135165e-06, 6.4900363869037161e-05, -1.9382127369416563e-05, 9.9611936132789703e-06, 6.8888832641716434e-05, -2.0573261057310895e-05, 1.0573361362374287e-05, 7.2869465522897313e-05, -2.1762054600435294e-05, 1.1184326424339747e-05, 7.6842285581936538e-05, -2.2948514888322948e-05, 1.1794092339961806e-05, 0.0090781244311798348, 0.0054443368366996828, -0.0048594539622055476],
  "jac_B_numerical": [-0.0067149300135743578, 0.00017509504480647808, -8.9811553508227504e-05, -0.00046307243322527003, -0.00095311047999634135, -0.0015159671043643366, 0.00035198841812980608, 0.00013377147322491539, -0.011496862790004878, -0.00051691641796377391, -0.0010217943586059153, -0.0015944558295127795, 0.00035198841812980608, 0.00013377147322491539, -0.00013641242705560164, -0.00051439384173071478, -0.018102486880250485, -0.0015632937606114006, 0.00035198841812980608, 0.00013377147322491539, -0.00013641242705560164, -0.00051439384173071478, -0.0010088651378613242, -0.011118785909747207],
  "swpt_start": 1,
  "swpt_end": 5,
  "swpt_variance": 0.016883053410217251,
  "swpt_implied_vol": 0.12993480446061115,
  "swpt_expiry": 1,
  "swpt_variance_derivs": [0, 0, 0, 0.043083224328370369, 0.00095983588162734657, -0.0033244526425237151, 0.044944230333331003, 0.0010012965746774005, -0.0034680543907074013, 0.046723029849745079, 0.0010409258185116719, -0.0036053127980120885, 0.048422769172316478, 0.0010787937083144938, -0.0037364706435682985, 0, 0, 0, 0, 0, 0, 0.042934642208662797, -0.0035280143790310673, 0.0016026148442889966, 0.044789230118847195, -0.0036804090998839539, 0.0016718407644784683, 0.046561895047917731, -0.0038260720665990481, 0.0017380087580411525, 0.048255772439878435, -0.0039652609240747776, 0.0018012358612173852, 0, 0, 0, 0, 0, 0, 0, 0, 0, 0, 0, 0, 0, 0, 0, 0, 0, 0, 0, 0, 0, 0, 0, 0, 0, 0, 0, 0, 0, 0, 0, 0, 0, 0, 0, 0, 0, 0, 0, 0, 0, 0, 0, 0, 0, 0, 0, 0, 0, 0, 0, 0, 0, 0, 0, 0, 0, 0, 0, 0, 0, 0, 0, 0, 0, 0, 0, 0, 0, 0, 0, 0, 0, 0, 0],
  "swpt_volatility_derivs": [0, 0, 0, 0.16578785225105239, 0.00369352878780956, -0.012792771945608692, 0.17294915907983507, 0.0038530730039345877, -0.013345363488651412, 0.1797941284619736, 0.0040055696502287862, -0.01387354532520582, 0.18633486760275808, 0.0041512884588267599, -0.014378251689680974, 0, 0, 0, 0, 0, 0, 0.16521609582164778, -0.013576094540937878, 0.0061669960213578436, 0.17235270528469046, -0.014162522178573196, 0.0064333831548008197, 0.1791740682614128, -0.014723045462999467, 0.0066880031307085929, 0.18569225020270394, -0.015258655833344558, 0.0069313063143271111, 0, 0, 0, 0, 0, 0, 0, 0, 0, 0, 0, 0, 0, 0, 0, 0, 0, 0, 0, 0, 0, 0, 0, 0, 0, 0, 0, 0, 0, 0, 0, 0, 0, 0, 0, 0, 0, 0, 0, 0, 0, 0, 0, 0, 0, 0, 0, 0, 0, 0, 0, 0, 0, 0, 0, 0, 0, 0, 0, 0, 0, 0, 0, 0, 0, 0, 0, 0, 0, 0, 0, 0, 0, 0, 0],
  "cap_start": 1,
  "cap_end": 5,
  "cap_strike": 0.040000000000000001,
  "cap_first_df": 0.96999999999999997,
  "cap_implied_vol": 0.13548521166688701,