{
  "cfi_underlying_rate": 0.050568752590051183,
  "cfi_capped_rate": 0.035751074744054534,
  "cfi_capped_effcap": 0.040000000000000001,
  "cfi_floored_rate": 0.051839243462820275,
  "cfi_floored_efffloor": 0.029999999999999999,
  "cfi_collar_rate": 0.037021565616823626,
  "cfi_geared_effcap": 0.017500000000000002,
  "cfi_geared_efffloor": 0.012499999999999999,
  "cfi_geared_rate": 0.039883921910535761,
  "dc_underlying_rate": 0.050568752590051183,
  "dc_eff_fwd": 0.050568752590051183,
  "dc_eff_strike": 0.040000000000000001,
  "dc_call_option_rate": 0.038796304764557657,
  "dc_call_rate": 0.011772447825493526,
  "dc_put_option_rate": 0.011772447825494678,
  "dc_put_rate": 0.062341200415545861,
  "dc_cash_call_option_rate": 0.05994656729640252,
  "dc_central_call_rate": 0.038796304764557657,
  "dc_sub_call_rate": 0.038755864010262334,
  "dc_super_call_rate": 0.038836769412759278,
  "scf_capped_rate": 0.014817677845996647,
  "scf_capped_cfc_rate": 0.035751074744054534,
  "scf_floored_rate": 0.001270490872769095,
  "scf_floored_cfc_rate": 0.051839243462820275,
  "scf_collar_rate": -0.013547186973227552,
  "scf_collar_cap": 0.040000000000000001,
  "scf_collar_floor": 0.029999999999999999,
  "cfcms_uncapped_rate": 0.05733980962583541,
  "cfcms_plain_rate": 0.05733980962583541
}
