{
  "fixed_amount": 2.5,
  "fixed_amount_with_underlying": 2.5,
  "frac_rate": 0.029999999999999999,
  "frac_nominal": 200,
  "frac_amount": 6,
  "frac_amount_underlying": 4.5,
  "divvec_size": 2,
  "divvec_0_amount": 1,
  "divvec_1_amount": 2,
  "bma_rate": 0.011833333333333335,
  "bma_amount": 969.94535519125691,
  "bma_accrual_period": 0.081967213114754092,
  "bma_n_fixings": 7,
  "bma_first_fixing": 0.0137,
  "bma_last_fixing": 0.0129,
  "equity_plain_amount": 0.020257243001619019,
  "equity_base_fixing": 100,
  "equity_fwd_fixing": 102.02572430016191,
  "equity_quanto_amount": 0.012105563022543953,
  "equity_quanto_amount_total": 1.012105563022544,
  "on_compound_rate": 0.051017919776237264,
  "on_compound_amount": 4109.7768708635576,
  "on_compound_accrual_period": 0.080555555555555561,
  "on_n_fixings": 20,
  "on_arith_rate": 0.050920689655172414,
  "on_arith_amount": 4101.9444444444443,
  "on_compound_gs_rate": 0.10303583955247453
}
