{
  "gaussian1d_gsr_process": {
    "x0": 0,
    "sigma_0_5": 0.01,
    "reversion_0_5": 0.050000000000000003,
    "diffusion_0_5": 0.01,
    "variance_0_1": 9.5162581964040483e-05,
    "variance_0_5": 0.00039346934028736661,
    "std_deviation_0_5": 0.019836061612310208,
    "expectation_0_0_1": -0.0018036360081349829,
    "expectation_1_0_2": -0.0017102329431563752,
    "y_5": 0.00039346934028736656,
    "G_0_5": 4.423984338571902
  },
  "markov_functional_swaption": {
    "numeraire_time": 13.021917808219179,
    "numeraire_0_0": 0.67661183274743353,
    "numeraire_1_0": 0.70359898502714591,
    "numeraire_1_0p5": 0.67878478463948111,
    "numeraire_1_m0p5": 0.72693349543849828,
    "numeraire_2_0": 0.73016854484550819,
    "numeraire_3_0": 0.75635771444210442,
    "curve_discount_1": 0.97044553354850815,
    "curve_discount_5": 0.86070797642505781,
    "curve_discount_10": 0.74081822068171788,
    "zerobond_1_0_0": 0.97044553354850815,
    "zerobond_5_0_0": 0.86070797642505781,
    "zerobond_10_0_0": 0.74081822068171788,
    "zerobond_5_1_0": 0.89017933925256409,
    "zerobond_5_1_0p5": 0.87933894188489903,
    "zerobond_5_1_m0p5": 0.90015104450613503
  }
}
