{
  "bates_det_jump_model": {
    "n_args": 10,
    "theta": 0.040000000000000001,
    "kappa": 2,
    "sigma": 0.29999999999999999,
    "rho": -0.69999999999999996,
    "v0": 0.040000000000000001,
    "nu": -0.050000000000000003,
    "delta": 0.10000000000000001,
    "lambda": 0.10000000000000001,
    "kappaLambda": 1,
    "thetaLambda": 0.10000000000000001
  },
  "bates_double_exp_model": {
    "n_args": 9,
    "theta": 0.040000000000000001,
    "kappa": 2,
    "sigma": 0.29999999999999999,
    "rho": -0.69999999999999996,
    "v0": 0.040000000000000001,
    "p": 0.5,
    "nuDown": 0.050000000000000003,
    "nuUp": 0.050000000000000003,
    "lambda": 0.10000000000000001
  },
  "bates_double_exp_det_jump_model": {
    "n_args": 11,
    "theta": 0.040000000000000001,
    "kappa": 2,
    "sigma": 0.29999999999999999,
    "rho": -0.69999999999999996,
    "v0": 0.040000000000000001,
    "p": 0.5,
    "nuDown": 0.050000000000000003,
    "nuUp": 0.050000000000000003,
    "lambda": 0.10000000000000001,
    "kappaLambda": 1,
    "thetaLambda": 0.10000000000000001
  },
  "bates_det_jump_engine_amst": {
    "call_atm": 10.504646157835758,
    "put_atm": 5.6275886079071489,
    "call_otm_low": 25.08476888907299,
    "call_otm_high": 2.4413511891522943,
    "call_skew_low": 17.150023745169083,
    "call_skew_high": 5.5568494584943577
  },
  "bates_double_exp_engine_amst": {
    "call_atm": 10.436233176958854,
    "put_atm": 5.5591756270302524,
    "call_otm_low": 25.058006462910726,
    "call_otm_high": 2.3857766971270729,
    "call_skew_low": 17.101636093497433,
    "call_skew_high": 5.4839830247254886
  },
  "bates_double_exp_det_jump_engine_amst": {
    "call_atm": 10.436233176958854,
    "put_atm": 5.5591756270302524,
    "call_skew_low": 17.101636093497433,
    "call_skew_high": 5.4839830247254886
  },
  "bates_det_jump_engine_zero_jump": {
    "call_atm": 10.394218565150059,
    "put_atm": 5.5171610152214621
  },
  "heston_engine_reference": {
    "call_atm": 10.394218565150169,
    "put_atm": 5.517161015221558
  }
}
