{
  "gjr_garch_process": {
    "daysPerYear": 252,
    "v0": 0.00016000000000000001,
    "omega": 1.9999999999999999e-06,
    "alpha": 0.024,
    "beta": 0.93000000000000005,
    "gamma": 0.058999999999999997,
    "lambda": 0.20000000000000001,
    "initial_values_S": 100,
    "initial_values_V": 0.040320000000000002,
    "drift_S": 0.029840000000135074,
    "drift_V": 0.077400499645471271,
    "diffusion_00": 0.20079840636817814,
    "diffusion_01": 0,
    "diffusion_10": -0.044428858624337472,
    "diffusion_11": 0.054126184758639312
  },
  "gjr_garch_model": {
    "omega": 1.9999999999999999e-06,
    "alpha": 0.024,
    "beta": 0.93000000000000005,
    "gamma": 0.058999999999999997,
    "lambda": 0.20000000000000001,
    "v0": 0.00016000000000000001
  },
  "analytic_gjr_garch_engine": {
    "call_atm_1y": 9.95764608376202,
    "put_atm_1y": 5.0805885338334065
  },
  "ptd_heston_degenerate": {
    "theta_seg0": 0.040000000000000001,
    "kappa_seg0": 2,
    "sigma_seg0": 0.29999999999999999,
    "rho_seg0": -0.69999999999999996,
    "theta_seg1": 0.040000000000000001,
    "v0": 0.040000000000000001,
    "s0": 100,
    "call_atm_1y": 10.394218565150073,
    "put_atm_1y": 5.5171610152214656
  },
  "plain_heston_reference": {
    "call_atm_1y": 10.394218565150169,
    "put_atm_1y": 5.517161015221558
  },
  "ptd_heston_2segment": {
    "theta_seg0": 0.059999999999999998,
    "kappa_seg0": 2.5,
    "sigma_seg0": 0.40000000000000002,
    "rho_seg0": -0.80000000000000004,
    "theta_seg1": 0.040000000000000001,
    "kappa_seg1": 1.5,
    "sigma_seg1": 0.20000000000000001,
    "rho_seg1": -0.5,
    "call_atm_1y": 11.155532208334474,
    "put_atm_1y": 6.2784746584058668
  }
}
