{
  "zabr_interpolation_fit_gamma_free": {
    "forward": 0.050000000000000003,
    "expiry": 3,
    "strikes": [0.029999999999999999, 0.040000000000000001, 0.050000000000000003, 0.059999999999999998, 0.070000000000000007],
    "input_vols": [0.23566592704603667, 0.1994626599668308, 0.17888543819998318, 0.17229098054427489, 0.17381372930279643],
    "alpha_true": 0.040000000000000001,
    "beta_true": 0.5,
    "nu_true": 0.40000000000000002,
    "rho_true": -0.10000000000000001,
    "gamma_true": 0.69999999999999996,
    "alpha_fitted": 0.040000000000000029,
    "beta_fitted": 0.50000000000000011,
    "nu_fitted": 0.39999999999984215,
    "rho_fitted": -0.10000000000000923,
    "gamma_fitted": 0.70000000000603446,
    "rms_error": 1.1350961549292517e-14,
    "max_error": 2.2509771824275049e-14,
    "fitted_vols": [0.23566592704605918, 0.19946265996682969, 0.17888543819998323, 0.17229098054427303, 0.17381372930279843]
  },
  "zabr_interpolation_gamma_fixed_at_one": {
    "forward": 0.040000000000000001,
    "expiry": 1,
    "alpha_true": 0.029999999999999999,
    "beta_true": 0.5,
    "nu_true": 0.40000000000000002,
    "rho_true": -0.20000000000000001,
    "strikes": [0.02, 0.029999999999999999, 0.040000000000000001, 0.050000000000000003, 0.059999999999999998],
    "input_vols": [0.24401965841395765, 0.18445610810524996, 0.15169015624999999, 0.1436990041999488, 0.14938271379654039],
    "zabr_alpha": 0.030347146572369563,
    "zabr_beta": 0.50000000000000011,
    "zabr_nu": 0.40253892787758844,
    "zabr_rho": -0.1991918898999506,
    "zabr_gamma": 0.99999999999999989,
    "zabr_rms_error": 5.8384116992596236e-05,
    "sabr_alpha": 0.030000000000000009,
    "sabr_beta": 0.50000000000000011,
    "sabr_nu": 0.40000000000000019,
    "sabr_rho": -0.1999999999999999,
    "sabr_rms_error": 7.601177430610147e-17
  },
  "zabr_interpolated_smile_section": {
    "forward": 0.050000000000000003,
    "exercise_time": 3,
    "atm_level": 0.050000000000000003,
    "alpha": 0.040000000000000029,
    "beta": 0.50000000000000011,
    "nu": 0.39999999999984215,
    "rho": -0.10000000000000923,
    "gamma": 0.70000000000603446,
    "rms_error": 1.1350961549292517e-14,
    "vol_strike_3pct": 0.23566592704605918,
    "vol_strike_5pct": 0.17888543819998323,
    "vol_strike_7pct": 0.17381372930279843
  }
}
