{
  "gauss_copula": {
    "correlation": 0.25,
    "density_at_0": 0.3989422804014327,
    "cumZ_at_1": 0.84134474606854304,
    "cumY_at_1": 0.84134474606854304,
    "invY_at_0p7": 0.52440051327929516,
    "condProb_p02_m0": 0.16556993009782656,
    "condProb_p02_m1": 0.06067033826940077,
    "condProb_p05_m_neg0p5": 0.61358500365777624,
    "integral_p02": 0.19999973156283363
  },
  "gauss_copula_corr050": {
    "condProb_p01_m0": 0.034963163513592965,
    "condProb_p03_m1p5": 0.012493154896845327,
    "integral_p03": 0.29999972522837209
  },
  "stud_copula_df10": {
    "correlation": 0.25,
    "density_at_0": 0.43503639858156756,
    "cumZ_at_1": 0.85515419397448089,
    "condProb_p02_m0": 0.1615504161263861,
    "condProb_p02_m1": 0.061456066212304761,
    "integral_p02": 0.1997180039651065
  },
  "lhp_etl": {
    "corr": 0.29999999999999999,
    "prob": 0.050000000000000003,
    "avgRR": 0.40000000000000002,
    "etl_0_3": 0.016231725109565973,
    "etl_3_6": 0.006508339470111443,
    "etl_6_9": 0.0032560693590281005,
    "etl_9_12": 0.0017551415373586151,
    "etl_0_100": 0.030000000112487074
  },
  "lhp_etl_stress": {
    "etl_0_5": 0.044510444637465764,
    "etl_5_15": 0.04457925879258004,
    "etl_15_30": 0.014598867366897493
  },
  "lhp_percentile": {
    "p995": 0.23391230341846592,
    "p990": 0.19732452657043956,
    "p950": 0.1121740573970101
  },
  "vasicek_ref": {
    "p": 0.10000000000000001,
    "rho": 0.20000000000000001,
    "p_hat_m_neg2": 0.33257342254421474,
    "p_hat_m_neg1": 0.17545691948260345,
    "p_hat_m_0": 0.075954898366372536,
    "p_hat_m_1": 0.026629298310658633,
    "p_hat_m_2": 0.0074909103992498727
  }
}
