{
  "glued_common_size": 6,
  "glued_common_loc0": 0,
  "glued_common_loc1": 0.33333333333333331,
  "glued_common_loc2": 0.66666666666666663,
  "glued_common_loc3": 1,
  "glued_common_loc4": 2,
  "glued_common_loc5": 3,
  "glued_common_dplus2": 0.33333333333333337,
  "glued_common_dminus3": 0.33333333333333337,
  "glued_no_overlap_size": 6,
  "glued_no_overlap_loc2": 1,
  "glued_no_overlap_loc3": 2,
  "glued_no_overlap_dplus2": 1,
  "ou_op_const_apply_0": -0.049999999999999822,
  "ou_op_const_apply_3": -0.050000000000000044,
  "ou_op_const_apply_4": -0.050000000000000044,
  "ou_op_const_apply_5": -0.0500000000000001,
  "ou_op_const_apply_8": -0.049999999999999822,
  "ou_op_lin_apply_3": 0.52500000000000002,
  "ou_op_lin_apply_4": 0,
  "ou_op_lin_apply_5": -0.52500000000000002,
  "ou_op_quad_apply_3": -0.42249999999999999,
  "ou_op_quad_apply_4": 0.089999999999999997,
  "ou_op_quad_apply_5": -0.42249999999999999,
  "ou_op_solve_splitting_4": 1.0050251256281408,
  "jump_op_const_apply_0": -0.04999999999999815,
  "jump_op_const_apply_size_4": -0.049999999999998358,
  "jump_op_const_apply_size_2": -0.049999999999998254,
  "jump_op_const_apply_size_3_4": -0.049999999999997713,
  "jump_op_const_apply_dir1_0": 0,
  "jump_op_const_apply_dir1_size_2": 0,
  "jump_op_const_apply_mixed_0": 1.6731407925796304e-15,
  "jump_op_const_apply_mixed_size_2": 1.7763568394002505e-15,
  "kluge_op_const_apply_0": -0.049999999999997873,
  "kluge_op_const_apply_size_4": -0.049999999999997935,
  "kluge_op_const_apply_size_2": -0.049999999999997158,
  "kluge_op_const_apply_size_3_4": -0.049999999999998268,
  "kluge_op_lin_apply_size_2": 0,
  "kluge_op_const_apply_dir2_size_2": 0,
  "exp_ou_iv_calc_0_spot": 49.999999999999993,
  "exp_ou_iv_calc_0_iv": 0,
  "exp_ou_iv_calc_5_spot": 86.602540378443877,
  "exp_ou_iv_calc_5_iv": 0,
  "exp_ou_iv_calc_10_spot": 149.99999999999997,
  "exp_ou_iv_calc_10_iv": 49.999999999999972,
  "spread_payoff_iv_0": 0,
  "spread_payoff_iv_4": 99.999999999999972,
  "spread_payoff_iv_12": 0,
  "spread_payoff_iv_20": 0,
  "spread_payoff_iv_24": 0,
  "ext_ou_jump_solver_value_0_0": 0.038161209724315498,
  "simple_2d_ext_ou_solver_value_0_0": 0.043242538340681848,
  "simple_3d_ext_ou_jump_solver_value": 0.026594400486625518,
  "kluge_ext_ou_solver_value": 0.023874360479857124
}
