{
  "dynprog_intrinsic": {
    "p_min": 8,
    "p_max": 40,
    "t_min_up": 2,
    "t_min_down": 2,
    "start_up_fuel": 20,
    "start_up_fix_cost": 100,
    "fuel_cost_addon": 3,
    "n_exercise_dates": 168,
    "efficiencies": [0.34999999999999998, 0.40000000000000002, 0.45000000000000001, 0.5, 0.55000000000000004, 0.59999999999999998, 0.90000000000000002],
    "npvs": [0, 2056.0399999999991, 11145.577777777773, 26452.039999999997, 44512.46181818183, 62000.626666666692, 137591.91111111103]
  },
  "n_states_formula": {
    "vanilla_2_2": 6,
    "vanilla_3_2": 8,
    "vanilla_6_2": 14,
    "start_2_2_3": 24,
    "start_3_2_4": 40,
    "start_2_2_0": 6
  },
  "factory_mesher_size": {
    "vanilla": 6,
    "start_limit_4": 30
  },
  "setup_arguments_roundtrip": {
    "heat_rate": 2.5,
    "p_min": 8,
    "p_max": 40,
    "t_min_up": 2,
    "t_min_down": 2,
    "start_up_fuel": 20,
    "start_up_fix_cost": 100,
    "n_starts": 3,
    "n_running_hours_is_null": true
  },
  "sentinel": {
    "eps": 9.9999999999999998e-13
  }
}
