{
  "fdm_zabr_op_apply": {
    "beta": 0.5,
    "nu": 0.40000000000000002,
    "rho": -0.20000000000000001,
    "gamma": 0.69999999999999996,
    "n_fwd": 5,
    "n_vol": 4,
    "fwd_min": 0.02,
    "fwd_max": 0.080000000000000002,
    "vol_min": 0.01,
    "vol_max": 0.050000000000000003,
    "u": [0.069942847337532768, 0.099833416646828155, 0.12963414261969486, 0.15931820661424598, 0.18885889497650057, 0.10977830083717482, 0.13954311464423649, 0.16918234906699603, 0.19866933079506122, 0.22797752353518841, 0.14943813247359922, 0.17902957342582418, 0.20845989984609958, 0.23770262642713458, 0.26673143668883115, 0.1888588949765006, 0.21822962308086935, 0.24740395925452294, 0.27635564856411376, 0.30505863644344355],
    "forward_locations": [0.02, 0.035000000000000003, 0.050000000000000003, 0.065000000000000002, 0.080000000000000002, 0.02, 0.035000000000000003, 0.050000000000000003, 0.065000000000000002, 0.080000000000000002, 0.02, 0.035000000000000003, 0.050000000000000003, 0.065000000000000002, 0.080000000000000002, 0.02, 0.035000000000000003, 0.050000000000000003, 0.065000000000000002, 0.080000000000000002],
    "vol_locations": [0.01, 0.01, 0.01, 0.01, 0.01, 0.023333333333333334, 0.023333333333333334, 0.023333333333333334, 0.023333333333333334, 0.023333333333333334, 0.036666666666666667, 0.036666666666666667, 0.036666666666666667, 0.036666666666666667, 0.036666666666666667, 0.050000000000000003, 0.050000000000000003, 0.050000000000000003, 0.050000000000000003, 0.050000000000000003],
    "apply": [2.8320569683569627e-06, 3.5799949619542545e-06, 5.0877659873671195e-06, 6.6492617621699834e-06, 1.0471762031291343e-05, -0.0003959429153443075, -0.00050563771509261302, -0.00061081555684800273, -0.00071549760777868496, -0.0008031185417041567, -0.0010108727785584628, -0.0012180449490004342, -0.0014134432336611053, -0.0016083502377385096, -0.0017523239862038496, 7.6674616245638521e-05, 7.1349718989627517e-05, 8.8389360733952743e-05, 0.0001033533075085137, 0.0002263783588030146],
    "apply_dx": [0, -6.9878150555659776e-07, -1.2962442035064072e-06, -2.0709813553939537e-06, 0, 0, -5.3177442982264105e-06, -9.2103481975599878e-06, -1.4060319174877787e-05, 0, 0, -1.6847408464352714e-05, -2.8024173516166697e-05, -4.1542021027078004e-05, 0, 0, -3.8187319861278528e-05, -6.1846351128543861e-05, -8.9808849816502926e-05, 0],
    "apply_dy": [0, 0, 0, 0, 0, -0.00041016499524351561, -0.00052137535849820175, -0.00063211651912212956, -0.00074228881754539208, -0.00085179310613588729, -0.0010512742427164535, -0.0012594454715925086, -0.0014664832845542692, -0.0016722013615437699, -0.0018764145701791952, 0, 0, 0, 0, 0],
    "apply_mixed": [2.8320569683569627e-06, 4.2787764675108522e-06, 6.3840101908735266e-06, 8.7202431175639372e-06, 1.0471762031291343e-05, 1.4222079899208108e-05, 2.1055387703815068e-05, 3.0511310471686845e-05, 4.0851528941584941e-05, 4.8674564431730604e-05, 4.0401464157990792e-05, 5.8247931056427268e-05, 8.1064224409330618e-05, 0.00010539314483233816, 0.00012409058397534561, 7.6674616245638521e-05, 0.00010953703885090605, 0.0001502357118624966, 0.00019316215732501663, 0.0002263783588030146]
  },
  "fdm_dupire_1d_op_apply": {
    "local_vol": [0.20000000000000001, 0.21000000000000002, 0.22, 0.23000000000000001, 0.24000000000000002],
    "n": 5,
    "s_min": 80,
    "s_max": 120,
    "u": [400, 100, 0, 100, 400],
    "locations": [80, 90, 100, 110, 120],
    "apply": [0, 0.044100000000000014, 0.048399999999999999, 0.052900000000000003, 0]
  },
  "fdm_ornstein_uhlenbeck_op_apply": {
    "speed": 0.5,
    "vol": 0.10000000000000001,
    "level": 0.050000000000000003,
    "x0": 0.050000000000000003,
    "n": 7,
    "x_min": -0.050000000000000003,
    "x_max": 0.14999999999999999,
    "t1": 0.0,
    "t2": 0.5,
    "flat_rate": 0.02,
    "u": [-0.59847214410395644, -0.74017685319603721, 0.74017685319603688, 0.59847214410395644, -0.8547526072388395, -0.43483223962507717, 0.9379999767747389],
    "locations": [-0.050000000000000003, -0.01666666666666667, 0.016666666666666663, 0.049999999999999996, 0.083333333333333329, 0.11666666666666667, 0.14999999999999999],
    "apply": [-0.20058762075604214, 7.9833909053926151, -6.9794041574176182, -5.9138096330102998, 8.7045741833815491, 3.4004236723229546, -2.0780083241352183]
  },
  "fd_ornstein_uhlenbeck_vanilla_engine_npv": {
    "speed": 0.5,
    "vol": 0.10000000000000001,
    "level": 0.050000000000000003,
    "x0": 0.050000000000000003,
    "strike": 0.050000000000000003,
    "T_years_input": 0.5,
    "T_years_actual": 0.49863013698630138,
    "flat_rate": 0.02,
    "t_grid": 100,
    "x_grid": 100,
    "npv_call_atm": 0.024748206445987832,
    "npv_put_atm": 0.024748206445988061,
    "npv_call_otm_0_08": 0.01267969343775536
  },
  "fdm_ext_ou_jump_model_inner_value": {
    "nx": 4,
    "ny": 3,
    "strike": 3,
    "t_test": 0.5,
    "shape": [[0.25, 1.0], [1.0, 1.5]],
    "x_locations": [-1, -0.33333333333333337, 0.33333333333333326, 0.99999999999999989, -1, -0.33333333333333337, 0.33333333333333326, 0.99999999999999989, -1, -0.33333333333333337, 0.33333333333333326, 0.99999999999999989],
    "y_locations": [-0.5, -0.5, -0.5, -0.5, 0, 0, 0, 0, 0.5, 0.5, 0.5, 0.5],
    "inner_values": [0, 0, 0.79366789468317744, 4.3890560989306504, 0, 0.2112705431535602, 3.2547009519363286, 9.1824939607034732, 0, 2.2944900504700287, 7.3122585013257613, 17.085536923187668]
  }
}
