{
  "svi": {
    "a": -0.066600000000000006,
    "b": 0.22900000000000001,
    "sigma": 0.33700000000000002,
    "rho": 0.439,
    "m": 0.193,
    "forward": 123.45,
    "tte": 0.030136986301369864,
    "k_points": [-0.5, -0.20000000000000001, 0, 0.193, 0.29999999999999999, 0.59999999999999998],
    "total_variance": [0.040198471993576609, 0.012445658708770842, 0.0029303384890318213, 0.010573000000000001, 0.025126372624320919, 0.095322195929944661],
    "strike_atm_m": 149.73038085993531,
    "variance_at_atm_m": 0.010573000000000001,
    "a_plus_b_sigma": 0.010572999999999999,
    "strikes": [60, 100, 123.45, 150, 200],
    "volatility": [1.4646613218547604, 0.66276901704826896, 0.31182360230463263, 0.59738532071910311, 1.4599741766694831],
    "variance": [0.064650851137289522, 0.013238056080960041, 0.0029303384890318213, 0.01075496283703376, 0.06423772756701121]
  },
  "noarbsabr": {
    "tau": 1,
    "beta": 0.5,
    "alpha": 0.025999999999999999,
    "rho": -0.10000000000000001,
    "nu": 0.40000000000000002,
    "forward": 0.048800000000000003,
    "absorption_probability": 7.8082441253222312e-55,
    "numerical_forward": 0.048799988912473849,
    "strikes": [0.01, 0.02, 0.048800000000000003, 0.070000000000000007, 0.10000000000000001, 0.13],
    "option_price": [0.038799989675057107, 0.02880006777703514, 0.002324516174483073, 4.9357219798207692e-06, 3.4043723530997396e-09, 2.4638946200402107e-11],
    "digital_option_price": [0.99999960039983726, 0.99996625129809513, 0.49586089418965373, 0.0014521324116559887, 7.1485021020138859e-07, 3.6633357909394823e-09],
    "density": [0.000193012788347671, 0.014083593586062051, 71.909383157246168, 0.44462159118155664, 0.00014544065336554571, 5.4071193596762276e-07],
    "noarb_volatility": [0.32407965295081986, 0.22683122653099297, 0.11947056171620063, 0.1270471048960542, 0.15403518963981547, 0.17487011707303043],
    "sabr_volatility": [0.32407965295081986, 0.22954561930405598, 0.11918993771351061, 0.12727015507860148, 0.15507805383276832, 0.17569949389881237],
    "sabr_option_price": [0.038800000673702928, 0.02880008394965524, 0.0023190625946622871, 5.0284727460995944e-06, 4.0116839831405652e-09, 2.8950331640786853e-11]
  },
  "d0_checkpoints": [
    {"sigmaI": 1, "beta": 0.01, "rho": 0.75, "nu": 0.10000000000000001, "tau": 0.25, "forward": 0.029999999999999999, "alpha": 0.031070628777110833, "d0": 0.024136799999999993, "absorptions": 60342},
    {"sigmaI": 0.80000000000000004, "beta": 0.01, "rho": 0.75, "nu": 0.10000000000000001, "tau": 0.25, "forward": 0.029999999999999999, "alpha": 0.02485650302168867, "d0": 0.0048591999999999993, "absorptions": 12148},
    {"sigmaI": 0.050000000000000003, "beta": 0.01, "rho": 0.75, "nu": 0.10000000000000001, "tau": 0.25, "forward": 0.029999999999999999, "alpha": 0.0015535314388555419, "d0": 4.0681456050345632e-56, "absorptions": 0},
    {"sigmaI": 1, "beta": 0.01, "rho": 0.75, "nu": 0.10000000000000001, "tau": 10, "forward": 0.029999999999999999, "alpha": 0.031070628777110833, "d0": 0.75620360000000009, "absorptions": 1890509},
    {"sigmaI": 0.80000000000000004, "beta": 0.01, "rho": 0.75, "nu": 0.10000000000000001, "tau": 10, "forward": 0.029999999999999999, "alpha": 0.02485650302168867, "d0": 0.69609319999999975, "absorptions": 1740233},
    {"sigmaI": 0.050000000000000003, "beta": 0.01, "rho": 0.75, "nu": 0.10000000000000001, "tau": 10, "forward": 0.029999999999999999, "alpha": 0.0015535314388555419, "d0": 4.0681456050345066e-56, "absorptions": 0},
    {"sigmaI": 1, "beta": 0.01, "rho": 0.75, "nu": 0.10000000000000001, "tau": 30, "forward": 0.029999999999999999, "alpha": 0.031070628777110833, "d0": 0.86967039999999984, "absorptions": 2174176},
    {"sigmaI": 0.80000000000000004, "beta": 0.01, "rho": 0.75, "nu": 0.10000000000000001, "tau": 30, "forward": 0.029999999999999999, "alpha": 0.02485650302168867, "d0": 0.83626879999999981, "absorptions": 2090672},
    {"sigmaI": 0.050000000000000003, "beta": 0.01, "rho": 0.75, "nu": 0.10000000000000001, "tau": 30, "forward": 0.029999999999999999, "alpha": 0.0015535314388555419, "d0": 1.2400000000000007e-05, "absorptions": 31},
    {"sigmaI": 0.34999999999999998, "beta": 0.10000000000000001, "rho": -0.75, "nu": 0.10000000000000001, "tau": 0.25, "forward": 0.029999999999999999, "alpha": 0.014909983869160461, "d0": 5.6935545670157969e-56, "absorptions": 0},
    {"sigmaI": 0.34999999999999998, "beta": 0.10000000000000001, "rho": -0.75, "nu": 0.10000000000000001, "tau": 14.75, "forward": 0.029999999999999999, "alpha": 0.014909983869160461, "d0": 0.43513639999999987, "absorptions": 1087841},
    {"sigmaI": 0.34999999999999998, "beta": 0.10000000000000001, "rho": -0.75, "nu": 0.10000000000000001, "tau": 30, "forward": 0.029999999999999999, "alpha": 0.014909983869160461, "d0": 0.56262760000000012, "absorptions": 1406569},
    {"sigmaI": 0.23999999999999999, "beta": 0.90000000000000002, "rho": 0.5, "nu": 0.80000000000000004, "tau": 1.25, "forward": 0.029999999999999999, "alpha": 0.16901426736029687, "d0": 1.0800000000000002e-05, "absorptions": 27},
    {"sigmaI": 0.23999999999999999, "beta": 0.90000000000000002, "rho": 0.5, "nu": 0.80000000000000004, "tau": 25.75, "forward": 0.029999999999999999, "alpha": 0.16901426736029687, "d0": 0.067016400000000004, "absorptions": 167541},
    {"sigmaI": 0.050000000000000003, "beta": 0.90000000000000002, "rho": -0.75, "nu": 0.80000000000000004, "tau": 2, "forward": 0.029999999999999999, "alpha": 0.035211305700061854, "d0": 6.8000000000000077e-06, "absorptions": 17},
    {"sigmaI": 0.050000000000000003, "beta": 0.90000000000000002, "rho": -0.75, "nu": 0.80000000000000004, "tau": 30, "forward": 0.029999999999999999, "alpha": 0.035211305700061854, "d0": 0.016839999999999977, "absorptions": 42100}
  ]
}
