{
  "extended_black_variance_curve": {
    "input_vols": [0.20000000000000001, 0.22, 0.25, 0.27000000000000002],
    "pillar_times": [0.50410958904109593, 1, 2.0027397260273974, 3.0027397260273974],
    "pillar_vols": [0.20000000000000001, 0.22, 0.25, 0.27000000000000002],
    "pillar_variances": [0.02016438356164384, 0.048399999999999999, 0.12517123287671234, 0.2188997260273973],
    "interp_times": [0.75, 1.5, 2.5],
    "interp_vols": [0.21343287272634692, 0.24038959725817038, 0.26212873864562136],
    "interp_variances": [0.034165193370165749, 0.086680737704918034, 0.17177868905986116],
    "extrap_t": 4,
    "extrap_variance": 0.29160000000000003
  },
  "extended_black_variance_surface": {
    "strikes": [90, 100, 110],
    "pillar_times": [1, 2.0027397260273974],
    "input_vols_rowmajor": [0.22, 0.23999999999999999, 0.20000000000000001, 0.22, 0.20999999999999999, 0.23000000000000001],
    "pillar_vols": [0.22, 0.23999999999999999, 0.20000000000000001, 0.22, 0.20999999999999999, 0.23000000000000001],
    "pillar_variances": [0.048399999999999999, 0.11535780821917808, 0.040000000000000008, 0.096932602739726037, 0.044099999999999993, 0.10594493150684933],
    "interior_t": 1.5,
    "interior_k": 95,
    "interior_vol": 0.22373790938220028,
    "interior_variance": 0.075087978142076503
  },
  "abcd_atm_vol_curve": {
    "input_vols": [0.14999999999999999, 0.17999999999999999, 0.20000000000000001, 0.22, 0.20999999999999999, 0.19],
    "option_times": [1, 2.0027397260273974, 3.0082191780821916, 5.0027397260273974, 7.0054794520547947, 10.008219178082191],
    "fit_vols": [0.14999999999999999, 0.17999999999999999, 0.20000000000000001, 0.22, 0.20999999999999999, 0.19],
    "a": 0.096061731090177099,
    "b": 0.1471533734792749,
    "c": 0.26732354323928509,
    "d": 2.1345441571724155e-16,
    "rms_error": 0.0028523479588992121,
    "interp_vol_4y": 0.21323115944702783
  },
  "sabr_vol_surface": {
    "atm_rate_spreads": [-0.02, -0.01, 0, 0.01, 0.02],
    "bv_times": [1, 2, 5.0027397260273974],
    "bv_forwards": [0.029815143418568342, 0.029813915067248627, 0.029813915067248193],
    "bv_atm": [0.20000034869653466, 0.22026932103871555, 0.25135694419851096],
    "bv_down": [0.20499885720439484, 0.22542298243255685, 0.25645814876391232],
    "bv_up": [0.20399903777598347, 0.22467736560788729, 0.25475083133280102]
  }
}
