{
  "convolved_t3_t3_cum_at_0": 0.5,
  "convolved_t3_t3_cum_at_1": 0.71342363145202814,
  "convolved_t3_t3_cum_at_2_5": 0.89969521532133356,
  "convolved_t3_t3_dens_at_0": 0.22972037309241339,
  "convolved_t3_t3_dens_at_1": 0.1836926497263322,
  "convolved_t5_cum_at_1_5": 0.90304815987876319,
  "convolved_t3_t3_half_cum_at_1": 0.85618597446790767,
  "convolved_t3_t3_half_inv_of_cum_at_1": 0.9999999998754,
  "ncchisq_4_1_moment_0": 1,
  "ncchisq_4_1_moment_1": 5,
  "ncchisq_4_1_moment_2": 37,
  "ncchisq_4_1_moment_5": 62701,
  "ncchisq_4_1_w_at_3": 0.14463119456618129,
  "ncchisq_4_1_alpha_0": 5,
  "ncchisq_4_1_alpha_2": 14.203463203463203,
  "ncchisq_4_1_beta_1": 12,
  "ncchisq_4_1_beta_3": 66.164951931185598,
  "ncchisq_4_1_nodesum_n4": 47.534917867302994,
  "ncchisq_4_1_nodesum_n5": 70.610329541964205,
  "ncchisq_4_1_nodesum_n6": 98.059340684948125,
  "ncchisq_4_1_nodesum_n7": 129.85340153790415,
  "ncchisq_4_1_nodesum_n8": 165.96963582695048,
  "ncchisq_4_1_nodesum_n9": 206.3891832480181,
  "mpinv_minnorm_x0": 1.1538461538461551,
  "mpinv_minnorm_x1": 1.4615384615384608,
  "mpinv_minnorm_x2": 1.3846153846153839,
  "mpinv_minnorm_x3": 1.3846153846153839,
  "mpinv_minnorm_x4": 1.4615384615384603,
  "mpinv_minnorm_x5": 1.1538461538461515,
  "mpinv_P_0_0": 0.017715524326101274,
  "mpinv_P_2_5": 0.0049010284587207758,
  "multidim_quad_x2y2_dim2": 3168.4055590270505,
  "multidim_quad_x2_dim1": 56.288591730714408,
  "multidim_quad_product_ref": 3168.4055590270505,
  "multidim_quad_x2y2z2_dim3": 178345.08694939959,
  "multidim_trap_xy_box": 1,
  "piecewise_at_0_5": 10,
  "piecewise_at_1_0": 20,
  "piecewise_at_1_5": 20,
  "piecewise_at_2_0": 30,
  "piecewise_at_3_0": 40,
  "piecewise_at_5_0": 40,
  "piecewise_integral_x_0_4": 7.9999999999999982,
  "gauss_copula_numFactors": 3,
  "gauss_copula_cumY_0_7": 0.75803634777692697,
  "gauss_copula_invY_of_cumY": 0.69999999978487026,
  "gauss_copula_cumZ_0_3": 0.61791142218895267,
  "gauss_copula_density": 0.15522539354583076,
  "t_copula_numFactors": 3,
  "t_copula_cumY_0_7": 0.82741127671691417,
  "t_copula_invY_of_cumY": 0.70000000165292242,
  "t_copula_cumZ_0_3": 0.68038180463291398,
  "t_copula_varfac_0": 0.57735026918962573,
  "latent_size": 3,
  "latent_numFactors": 1,
  "latent_numTotalFactors": 4,
  "latent_idiosync_0": 0.8660254037844386,
  "latent_correl_0_1": 0.20000000000000001,
  "latent_correl_0_0": 0.99999999999999989,
  "latent_cumY_0": 0.75803634777692697,
  "latent_invY_0": 0.69999999978487026,
  "latent_varValue_0": 0.9330127018922193,
  "laplace_inner_1_1": 4.5,
  "laplace_boundary_0_1": 2.5,
  "laplace_corner_0_0": 4,
  "polar_t5_seed42_sample0": 1.3377929950080762,
  "polar_t5_seed42_sample1": 0.92821297638335698
}
