{
  "ziggurat": {
    "seed": 42,
    "n": 50,
    "draws": [-0.50868254323744611, 1.5146221461740959, -1.2269439391733237, -0.10877002951137636, -1.0138240419170703, 0.8861108875039635, -1.1901087823920151, -0.40630450197422685, -0.21189706456847721, 0.65937857144245104, -0.34491648331169611, -0.22584918875958426, -0.067686881783962524, -0.97506139055174035, 1.0822580551424541, -0.48457444530685567, 0.80020905111931795, 0.19403488187984183, 1.1940913040453061, -1.0067348694827027, 0.034418474520779896, -0.056347493984034672, 3.7747646610840149, 2.1385729839171046, 1.6237469648392453, 0.18228395623512431, 0.001193868703945077, 0.36476513555358336, 1.9547591523282535, -1.0866255055200322, 0.64595659279194029, 0.63051056010024864, 0.35722684859385589, -0.022775123780474922, 1.1096811430139666, -0.029132847982441243, -0.28128513335356164, -1.2124464421014491, -0.64028623895374304, -1.3765691377005012, 0.25401169509147797, 0.16065195172779267, 0.67497487354834218, 1.9183988441702871, 0.79351283201475564, -0.13802477692283574, 0.90664861619513215, 0.18012184331981362, -1.4672277296716298, 1.2293263107427399],
    "stat_seed": 1234,
    "stat_n": 2000000,
    "stat_mean": 0.00073374458299030147,
    "stat_var": 1.0000876952979629
  },
  "levy_flight": {
    "xm1": 1.0, "alpha1": 1.5,
    "xm2": 0.5, "alpha2": 2.0,
    "xs": [0.25, 0.5, 1, 1.5, 2, 5, 10],
    "pdf1": [0, 0, 1.5, 0.54433105395181736, 0.26516504294495535, 0.026832815729997482, 0.0047434164902525697],
    "pdf2": [0, 4, 0.5, 0.14814814814814814, 0.0625, 0.004000000000000001, 0.00050000000000000012],
    "us": [0.01, 0.10000000000000001, 0.25, 0.5, 0.75, 0.90000000000000002, 0.98999999999999999],
    "variate1": [21.544346900318832, 4.6415888336127784, 2.5198420997897464, 1.5874010519681994, 1.2114137285547597, 1.0727659828951441, 1.0067227206187843],
    "variate2": [5, 1.5811388300841895, 1, 0.70710678118654757, 0.57735026918962573, 0.52704627669472992, 0.50251890762960605]
  },
  "isotropic_1d": {
    "seed": 7,
    "radius": 1,
    "u": 0.076308291289024055,
    "step": -1
  },
  "isotropic_3d": {
    "seed": 7,
    "dim": 3,
    "radius": 1.0,
    "step": [0.97140222189034164, 0.033693247807339871, 0.23503720632848885]
  },
  "optimizers": {
    "sphere_min_value": 0.0,
    "sphere_min_x": [0.0, 0.0],
    "rosenbrock_a": 1.0,
    "rosenbrock_b": 100.0,
    "rosenbrock_min_value": 0.0,
    "rosenbrock_min_x": [1.0, 1.0]
  }
}
