{
  "ebsm_drift": -0.0012499999999864737,
  "ebsm_diffusion": 0.25,
  "ebsm_x0": 100,
  "ebsm_evolve_euler": 112.61335903169274,
  "ebsm_gbsm_evolve_euler": 111.73699491898711,
  "ebsm_evolve_milstein": 111.08420031623069,
  "ebsm_evolve_predcorr": 111.7369949189561,
  "gr_x0": 3.2999999999999998,
  "gr_drift": 7.0268742450183268,
  "gr_diffusion": 2.7704470883701209,
  "gr_std_deviation": 0.33098075109179065,
  "gr_evolve_below": 4.0861829469342075,
  "gr_evolve_above": 48.903809634397426,
  "vg_x0": 6000,
  "vg_sigma": 0.20000000000000001,
  "vg_nu": 0.050000000000000003,
  "vg_theta": -0.5,
  "vg_analytic_call_5550": 955.16367625743692,
  "vg_analytic_call_6000": 687.20317834051946,
  "vg_analytic_call_6500": 453.46999702783455,
  "vg_analytic_put_5550": 234.48698224253323,
  "vg_fft_call_5550": 955.16464326828714,
  "vg_fft_call_6000": 687.20439878133357,
  "vg_fft_call_6500": 453.47134212355195,
  "vg_fft_put_5550": 234.48794924724953,
  "fft_vanilla_call_90": 16.634653323003295,
  "an_vanilla_call_90": 16.635810124262729,
  "fft_vanilla_call_100": 11.122606229707285,
  "an_vanilla_call_100": 11.123761928058141,
  "fft_vanilla_call_110": 7.110955303116099,
  "an_vanilla_call_110": 7.1121023481313683,
  "fft_vanilla_put_100": 8.2256813491031391,
  "an_vanilla_put_100": 8.2268370474539978
}
