{
  "poly2d_pillar_x1_y0.01": 5.0299999999999994,
  "poly2d_pillar_x3_y0.02": 15.159999999999998,
  "poly2d_pillar_x5_y0.04": 25.559999999999999,
  "poly2d_interior_x2.5_y0.025": 12.6875,
  "poly2d_interior_x4.2_y0.015": 21.148499999999999,
  "poly2d_interior_x1.5_y0.035": 7.7274999999999991,
  "cpi_surf_floor_3y_fstrike-0.01": 0.001562,
  "cpi_surf_floor_7y_fstrike0.01": 0.0077040000000000008,
  "cpi_surf_cap_3y_cstrike0.03": 0.022759999999999999,
  "cpi_surf_cap_10y_cstrike0.05": 0.010762000000000001,
  "cpi_surf_cap_4y_cstrike0.035": 0.020027249999999993,
  "cpi_surf_atm_rate_3y": 0.030589999999999895,
  "cpi_engine_cap_3y_0.03_npv": 0.022759999999999999,
  "yoy_surf_cap_3y_0.02": 116.22499999999999,
  "yoy_surf_cap_10y_0.03": 66.420000000000002,
  "yoy_surf_floor_5y_0.00": 2.2360000000000002,
  "yoy_surf_floor_20y_0.01": 86.209999999999994,
  "yoy_surf_atm_swap_3y": 0.024585990653559164,
  "yoy_surf_atm_swap_7y": 0.024939600099273256
}
