{
  "poly2d_pillar_x1_y0.01": 5.0299999999999994,
  "poly2d_pillar_x3_y0.02": 15.159999999999998,
  "poly2d_pillar_x5_y0.04": 25.559999999999999,
  "poly2d_interior_x2.5_y0.025": 12.6875,
  "poly2d_interior_x4.2_y0.015": 21.148499999999999,
  "poly2d_interior_x1.5_y0.035": 7.7274999999999991
}
