{
  "poly2d_pillar_x1_y0.01": 5.0299999999999994,
  "poly2d_pillar_x3_y0.02": 15.159999999999998,
  "poly2d_pillar_x5_y0.04": 25.559999999999999,
  "poly2d_interior_x2.5_y0.025": 12.6875,
  "poly2d_interior_x4.2_y0.015": 21.148499999999999,
  "poly2d_interior_x1.5_y0.035": 7.7274999999999991,
  "cpi_surf_floor_3y_fstrike-0.01": 0.001562,
  "cpi_surf_floor_7y_fstrike0.01": 0.0077040000000000008,
  "cpi_surf_cap_3y_cstrike0.03": 0.022759999999999999,
  "cpi_surf_cap_10y_cstrike0.05": 0.010762000000000001,
  "cpi_surf_cap_4y_cstrike0.035": 0.020027249999999993,
  "cpi_surf_atm_rate_3y": 0.030589999999999895,
  "cpi_engine_cap_3y_0.03_npv": 0.022759999999999999,
  "yoy_surf_cap_3y_0.02": 116.22499999999999,
  "yoy_surf_cap_10y_0.03": 66.420000000000002,
  "yoy_surf_floor_5y_0.00": 2.2360000000000002,
  "yoy_surf_floor_20y_0.01": 86.209999999999994,
  "yoy_surf_atm_swap_3y": 0.024585990653559164,
  "yoy_surf_atm_swap_7y": 0.024939600099273256,
  "yoy_strip_vol_y1_k0": 0.012902718185130068,
  "yoy_strip_vol_y1_k1": 0.0094240820295724975,
  "yoy_strip_vol_y1_k2": 0.0083862286704726799,
  "yoy_strip_vol_y1_k3": 0.0073982281158838613,
  "yoy_strip_vol_y1_k4": 0.0064515530552588388,
  "yoy_strip_vol_y1_k5": 0.0057698445151334833,
  "yoy_strip_vol_y1_k6": 0.0041879327460616006,
  "yoy_strip_vol_y1_k7": 0.0046454251920149776,
  "yoy_strip_vol_y1_k8": 0.0053884639714701695,
  "yoy_strip_vol_y1_k9": 0.0064685553370314374,
  "yoy_strip_vol_y1_k10": 0.0098743494312155157,
  "yoy_strip_vol_y3_k0": 0.0080057782772067765,
  "yoy_strip_vol_y3_k1": 0.0058476479092843484,
  "yoy_strip_vol_y3_k2": 0.0051999212187189602,
  "yoy_strip_vol_y3_k3": 0.0045827099317061097,
  "yoy_strip_vol_y3_k4": 0.0039908926501617745,
  "yoy_strip_vol_y3_k5": 0.0035625187139616916,
  "yoy_strip_vol_y3_k6": 0.0025814657000654225,
  "yoy_strip_vol_y3_k7": 0.0028649036295981555,
  "yoy_strip_vol_y3_k8": 0.0033279230111988921,
  "yoy_strip_vol_y3_k9": 0.0040002533908700287,
  "yoy_strip_vol_y3_k10": 0.0061124935533329039,
  "yoy_strip_kvol_y1_strike0.02": 0.0060419805728121976
}
