{
  "black_npv": 99.94455920783652,
  "black_settlement_value": 99.94455920783652,
  "black_clean_price": 99.94455920783652,
  "tree_hw_a": 0.03,
  "tree_hw_sigma": 0.012,
  "tree_steps": 40,
  "tree_npv": 99.88785272654302,
  "tree_settlement_value": 99.88785272654302,
  "tree_clean_price": 99.88785272654303,
  "tree_oas_at_model_price": 0,
  "tree_clean_at_zero_oas": 99.88785272654303,
  "tree_effective_duration": 3.4995977639087967,
  "tree_put_npv": 102.48504611742219,
  "constvol_vol": 0.2,
  "constvol_black_variance": 0.08000000000000002,
  "eventset_path_count": 5,
  "eventset_total_loss": 50,
  "eventset_nonempty_paths": 5,
  "digital_loss": 1,
  "digital_notional_after": 0,
  "proportional_notional_after_first": 0.875,
  "proportional_notional_after_second": 0.25,
  "proportional_loss": 0.75,
  "catbond_npv": 703521.8865111078,
  "catbond_loss_probability": 0.3,
  "catbond_exhaustion_probability": 0.3,
  "catbond_expected_loss": 0.3,
  "cr_sector0_exposure": 1000,
  "cr_sector1_exposure": 2000,
  "cr_sector0_el": 39.999999999999325,
  "cr_sector1_el": 39.999999999999325,
  "cr_sector0_ul": 30.659419433510696,
  "cr_sector1_ul": 31.304951684997224,
  "cr_exposure": 3000,
  "cr_expected_loss": 80.00000000000131,
  "cr_unexpected_loss": 53.10367218940513,
  "cr_relative_default_variance": 0.4218749999999553,
  "cr_loss_quantile_99": 249.99970318796161,
  "cr_loss_quantile_999": 342.96067728087075,
  "cr_loss_0": 0.00043021921727501614
}