{
  "gou_const_x0": 0.050000000000000003,
  "gou_const_speed": 0.29999999999999999,
  "gou_const_vol": 0.14999999999999999,
  "gou_const_level": 0.040000000000000001,
  "gou_const_drift": -0.0059999999999999993,
  "gou_const_diffusion": 0.14999999999999999,
  "gou_const_expectation": 0.046376281516217734,
  "gou_const_variance": 0.022253637759727527,
  "gou_const_stddev": 0.14917653220170901,
  "ou_expectation": 0.046376281516217734,
  "ou_variance": 0.022253637759727527,
  "gou_tv_speed_t2": 0.40000000000000002,
  "gou_tv_vol_t2": 0.20000000000000001,
  "gou_tv_drift": -0.0079999999999999984,
  "gou_tv_diffusion": 0.20000000000000001,
  "gou_tv_expectation": 0.048187307530779822,
  "gou_tv_variance": 0.016483997698218036,
  "gou_tv_stddev": 0.12839002180161058,
  "gou_smallspeed_variance": 0.080000000000000016,
  "ghw_discountbond_2_5_r": 0.87480492287627332,
  "hw_discountbond_2_5_r": 0.87480317891845949,
  "ghw_dbo_call": 0.036434014213877354,
  "hw_dbo_call": 0.03643500612795026,
  "ghw_dbo_put": 0.0023521555645358351,
  "hw_dbo_put": 0.0023531474786087688,
  "ghwpw_discountbond_2_5_r": 0.8764411322206801,
  "ghwpw_dbo_call": 0.035593505888507147,
  "rnd_cdf_t1_k100": 0.50199470309074079,
  "rnd_cdf_t1_k120": 0.76861284490224258,
  "rnd_pdf_t1_k100": 0.015957454672683169,
  "rnd_invcdf_t1_q05": 99.875078092458125,
  "rnd_invcdf_t1_q09": 137.59410422429562,
  "nclv_cdf_1y_k100": 0.50199743366893057,
  "nclv_invcdf_1y_q05": 99.874736055105117,
  "nclv_cx_1y_0": 0.51522414347628653,
  "nclv_cx_1y_1": 0.27630244083048294,
  "nclv_cx_1y_2": 0.060570036462032503,
  "nclv_cx_1y_3": -0.15516236790641713,
  "nclv_cx_1y_4": -0.3940840705522215,
  "nclv_cy_1y_0": 204.20757682353474,
  "nclv_cy_1y_1": 140.23046452363053,
  "nclv_cy_1y_2": 99.874736055105075,
  "nclv_cy_1y_3": 71.132638232093413,
  "nclv_cy_1y_4": 48.847173338218994,
  "nclv_g_1y_x0": 106.2629000570123,
  "nclv_g_1y_xp": 145.56010180015969,
  "nclv_g_1y_xn": 77.585718351850005,
  "nclv_g_9m_x0": 97.200993567410478,
  "sclv_cdf_1y_k100": 0.50199743366893057,
  "sclv_invcdf_1y_q05": 99.874736055105117,
  "sclv_cx_1y_0": 5.430894093955918,
  "sclv_cx_1y_1": 11.972132978131274,
  "sclv_cx_1y_2": 20.853040804355981,
  "sclv_cx_1y_3": 32.791832117185777,
  "sclv_cx_1y_4": 49.756893647704743,
  "sclv_cy_1y_0": 65.308020052778517,
  "sclv_cy_1y_1": 94.094898535921075,
  "sclv_cy_1y_2": 130.55701531344863,
  "sclv_cy_1y_3": 181.10685187019436,
  "sclv_cy_1y_4": 260.38459519977607,
  "sclv_g_1y_x": 130.55701531344863,
  "iibasis_implied_quote": 0.0030056105162769588,
  "onibasis_implied_quote": 0.0029830764689818567,
  "xccy_const_implied_quote": 0.0019265577879770933,
  "xccy_mtm_implied_quote": 0.0019854828901522867,
  "xccy_fixfloat_implied_quote": 0.038774572628611684
}
