{
  "merge_n": 5,
  "merge_t0": 1,
  "merge_t1": 2,
  "merge_t2": 3,
  "merge_t3": 4,
  "merge_t4": 5,
  "merge_present_row0_sum": 3,
  "merge_present_row1_sum": 2,
  "merge_present_row2_sum": 2,
  "subset_sum": 2,
  "subset_at1": 1,
  "subset_at3": 1,
  "evo_n_rates": 5,
  "evo_n_steps": 5,
  "evo_tau0": 0.5,
  "evo_tau4": 0.5,
  "evo_evoltime_back": 2.5,
  "evo_far0": 0,
  "evo_far1": 1,
  "evo_far2": 2,
  "evo_far3": 3,
  "evo_far4": 4,
  "evo_relevance0_first": 0,
  "evo_relevance0_second": 5,
  "lmm_n_rates": 5,
  "lmm_fwd0": 0.040000000000000001,
  "lmm_fwd4": 0.059999999999999998,
  "lmm_dr_0_5": 1.1313745602187499,
  "lmm_dr_2_5": 1.0847831250000002,
  "lmm_dr_0_3": 1.0690237499999999,
  "lmm_cot_swap_rate_0": 0.049741433964329181,
  "lmm_cot_swap_rate_2": 0.054905571790533819,
  "lmm_cot_annuity_num5_0": 2.6411494351562501,
  "lmm_cot_annuity_num5_2": 1.5441625000000001,
  "lmm_cm_swap_rate_sp2_0": 0.042472187886279322,
  "lmm_cm_swap_rate_sp2_2": 0.052466091245376101,
  "lmm_swap_rate_0_5": 0.049741433964329181,
  "lmm_swap_rate_1_4": 0.049913675924610997,
  "cm_n_rates": 5,
  "cm_cm_rate_0": 0.042472187886279322,
  "cm_cm_rate_2": 0.052466091245376101,
  "cm_dr_0_5": 1.1313745602187499,
  "cm_dr_2_5": 1.084783125,
  "cm_fwd0": 0.039999999999999779,
  "cm_cot_swap_rate_0": 0.049741433964329181,
  "cot_n_rates": 5,
  "cot_cot_rate_0": 0.049741433964329181,
  "cot_cot_rate_2": 0.054905571790533819,
  "cot_dr_0_5": 1.1313745602187499,
  "cot_dr_2_5": 1.0847831250000002,
  "cot_fwd0": 0.039999999999999779,
  "cot_fwd4": 0.060000000000000053,
  "cot_annuity_num5_0": 2.6411494351562501,
  "jac_0_0": 0.20998258003657419,
  "jac_0_4": 0.18836876481319803,
  "jac_2_2": 0.34268576008030249,
  "jac_2_4": 0.32299935291698462,
  "jac_4_4": 1,
  "jac_4_0": 0,
  "jac_annuity_0_5_5": 2.6411494351562501,
  "jac_swapderiv_0_5_2": 0.19888030801685266,
  "disc_pay2_num5": 1.0583250000000002,
  "disc_pay175_num5": 1.0727782763831901,
  "disc_pay35_num5": 0.970873786407767,
  "disc_pay175_num0": 0.94820788278620083
}
