{
  "expc_rows": 5,
  "expc_0_0": 1,
  "expc_0_1": 0.95241870901797976,
  "expc_0_4": 0.83516002301781966,
  "expc_2_4": 0.90936537653899085,
  "expc_4_4": 1,
  "expct_1_1": 1,
  "expct_1_4": 0.87040911034085888,
  "expcg_0_4": 0.86988839693039244,
  "expcg_2_4": 0.93483379089003638,
  "thfc_count": 5,
  "thfc_k0_0_0": 1,
  "thfc_k0_0_4": 0.83516002301781966,
  "thfc_k0_2_4": 0.90936537653899085,
  "thfc_k1_1_1": 1,
  "thfc_k1_1_4": 0.87040911034085888,
  "thfc_k1_0_0": 0,
  "thfc_k2_2_4": 0.90936537653899085,
  "thfc_k2_4_4": 1,
  "thfc_obj_n": 5,
  "thfc_obj_corr0_0_4": 0.83516002301781966,
  "thfc_obj_times0": 0.5,
  "thfc_obj_corr_via_accessor_2_4": 0.90936537653899085,
  "efc_n": 5,
  "efc_count": 5,
  "efc_k0_0_4": 0.83516002301781966,
  "efc_k1_1_4": 0.87040911034085888,
  "efc_times0": 0.5,
  "efc_times_back": 2.5,
  "efcg_count": 5,
  "efcg_k0_0_4": 0.86429214568872181,
  "efcg_k1_1_4": 0.89058435259930402,
  "csfc_n": 5,
  "csfc_count": 5,
  "csfc_k0_0_0": 1,
  "csfc_k0_0_4": 0.95135156489747374,
  "csfc_k0_2_4": 0.97537893189304381,
  "csfc_k0_4_4": 1,
  "csfc_k2_2_4": 0.97537893189304381,
  "csfc_k2_0_0": 0,
  "csfc_times_back": 2.5,
  "csfc_ratetimes_back": 3,
  "lmm_drift_plain_0": -0.00062847743386516993,
  "lmm_drift_plain_1": -0.00069063746416800126,
  "lmm_drift_plain_2": -0.00059101153587926599,
  "lmm_drift_plain_3": -0.00035950762822715054,
  "lmm_drift_plain_4": 0,
  "lmm_drift_compute_0": -0.00062847743386516993,
  "lmm_drift_compute_4": 0,
  "lmm_drift_reduced_0": -0.00062847743386517003,
  "lmm_drift_reduced_4": 0,
  "lmm_drift_num3_alive1_1": -0.00027601567345508017,
  "lmm_drift_num3_alive1_2": 0,
  "lmm_drift_num3_alive1_4": 0.00087973459288816377,
  "lmm_drift_rank2_0": -0.0011868553258318143,
  "lmm_drift_rank2_4": 0,
  "lmmn_drift_plain_0": -0.01213177993783948,
  "lmmn_drift_plain_2": -0.010294442927990732,
  "lmmn_drift_plain_4": 0,
  "lmmn_drift_reduced_0": -0.01213177993783948,
  "lmmn_drift_reduced_4": 0,
  "lmmn_drift_num3_alive1_1": -0.0046002612242513358,
  "lmmn_drift_num3_alive1_4": 0.012996663639653601,
  "smm_drift_0": -0.00035807271292681965,
  "smm_drift_1": -0.0003747584441441017,
  "smm_drift_2": -0.0003090726149004375,
  "smm_drift_3": -0.00018241027442067261,
  "smm_drift_4": 0,
  "smm_drift_disp_0": -0.00042361038218071898,
  "smm_drift_disp_4": 0,
  "cmsmm_drift_0": -0.00057437912317555588,
  "cmsmm_drift_1": -0.00059730259125833132,
  "cmsmm_drift_2": -0.00045707286146188614,
  "cmsmm_drift_3": -0.00018241027442067269,
  "cmsmm_drift_4": -0,
  "cmsmm_drift_disp_0": -0.00068274927827981387,
  "cmsmm_drift_disp_4": -0,
  "seqstat_samples": 5,
  "seqstat_size": 3,
  "seqstat_mean0": 3,
  "seqstat_mean1": 3.2000000000000002,
  "seqstat_mean2": 3,
  "seqstat_var0": 2.5,
  "seqstat_var2": 2.5,
  "seqstat_cov_0_0": 2.5,
  "seqstat_cov_0_1": 2.5,
  "seqstat_cov_0_2": -0.74999999999999956,
  "seqstat_cov_1_2": -2.2500000000000009,
  "seqstat_cov_2_2": 2.5,
  "seqstat_corr_0_0": 1,
  "seqstat_corr_0_1": 0.82199493652678657,
  "seqstat_corr_0_2": -0.29999999999999982,
  "seqstat_corr_1_2": -0.73979544287410826
}
