{
  "mt_factors": 2,
  "mt_steps": 2,
  "mt_path_weight": 1,
  "mt_step_weight": 1,
  "mt_s0_0": -0.3198523919715468,
  "mt_s0_1": 0.82933648347268529,
  "mt_s1_0": 1.6518193787298865,
  "mt_s1_1": -0.90235263066587701,
  "sob_factors_00": 0,
  "sob_factors_03": 3,
  "sob_factors_10": 4,
  "sob_factors_23": 11,
  "sob_steps_00": 0,
  "sob_steps_10": 1,
  "sob_steps_01": 3,
  "sob_steps_23": 11,
  "sob_diag_00": 0,
  "sob_diag_10": 1,
  "sob_diag_01": 2,
  "sob_diag_23": 11,
  "sob_xf_f0_s0": -0.10556428926658265,
  "sob_xf_f0_s1": 0.35151671936769946,
  "sob_xf_f0_s2": -0.072747349344229079,
  "sob_xf_f1_s0": 0.17730818278801272,
  "sob_xf_f1_s1": -0.8593283216197104,
  "sob_xf_f1_s2": -0.010800184195853268,
  "acc_mean": 102.49999999999999,
  "acc_samples": 4,
  "proxy_value": 102.49999999999999
}
