{
  "scenario": {
    "type": "Put",
    "underlying": 36.0,
    "strike": 40.0,
    "risk_free_rate": 0.06,
    "dividend_yield": 0.0,
    "volatility": 0.2,
    "today_serial": 35930,
    "settlement_serial": 35932,
    "maturity_serial": 36297,
    "day_counter": "Actual365Fixed",
    "calendar": "Target",
    "dividend_amount": 2.06,
    "dividend_date_serials": [36037, 36129, 36221],
    "time_steps": 1095
  },
  "crr_european": {
    "npv": 8.082408848496181,
    "npv_bits": 4620739609739551325,
    "delta": -0.8398250472769381,
    "delta_bits": -4617632345769553737,
    "gamma": 0.03747956126680651,
    "gamma_bits": 4585562195056760815,
    "theta": 1.327496404977154,
    "theta_bits": 4608657331487437696
  },
  "crr_american": {
    "npv": 9.98353150491365,
    "npv_bits": 4621809846650429740,
    "delta": -1.0,
    "delta_bits": -4616189618054758400,
    "gamma": 0.0,
    "gamma_bits": 0,
    "theta": 2.7590118902766037,
    "theta_bits": 4613395161260497648
  },
  "fd_european": {
    "npv": 8.084115674976763,
    "npv_bits": 4620740570597439067,
    "delta": -0.664969979814112,
    "delta_bits": -4619207300202892590,
    "gamma": 0.023780048621289525,
    "gamma_bits": 4582511353767444210,
    "theta": 0.0,
    "theta_bits": 0
  },
  "fd_american": {
    "npv": 4.485424210487617,
    "npv_bits": 4616736157128125562,
    "delta": -0.6964969291102026,
    "delta_bits": -4618923330688688586,
    "gamma": 0.08651006717333867,
    "gamma_bits": 4590898127963735242,
    "theta": 0.0,
    "theta_bits": 0
  }
}
