{
  "quantlib_version": "1.42.1",
  "tridiag_generic": {
    "diagonal": [2, 2, 2, 2, 2],
    "lower": [-1, -1, -1, -1],
    "upper": [-1, -1, -1, -1],
    "v": [1, 2, 3, 4, 5],
    "applyTo": [0, 0, 0, 0, 6],
    "solveFor": [5.8333333333333321, 10.666666666666664, 13.499999999999998, 13.333333333333334, 9.1666666666666679],
    "SOR": [5.8333333461789341, 10.666666702187346, 13.500000074978736, 13.333333396472936, 9.1666666894348214]
  },
  "algebra": {
    "A_diagonal": [2, 2, 2, 2, 2],
    "A_lower": [-0.5, -0.5, -0.5, -0.5],
    "A_upper": [-0.5, -0.5, -0.5, -0.5],
    "A_applyTo": [1, 2, 3, 4, 8],
    "B_solveFor": [0.9991341991341991, 1.9948051948051948, 2.9696969696969697, 3.8233766233766229, 3.9705627705627702]
  },
  "bsm_operator": {
    "n": 7,
    "dx": 0.10000000000000001, "r": 0.050000000000000003, "q": 0.01, "sigma": 0.20000000000000001,
    "diagonal": [0, 4.0499999999999998, 4.0499999999999998, 4.0499999999999998, 4.0499999999999998, 4.0499999999999998, 0],
    "lower": [-1.9000000000000001, -1.9000000000000001, -1.9000000000000001, -1.9000000000000001, -1.9000000000000001, 0],
    "upper": [0, -2.1000000000000005, -2.1000000000000005, -2.1000000000000005, -2.1000000000000005, -2.1000000000000005],
    "v": [1, 1.5, 2, 2.5, 3, 3.5, 4],
    "applyTo": [0, -0.025000000000002132, -1.7763568394002505e-15, 0.024999999999998579, 0.049999999999997158, 0.074999999999995737, 0]
  },
  "fd_rollback": {
    "n": 7,
    "from": 1.0, "to": 0.0, "steps": 10,
    "payoff": [0, 0, 0, 0, 1, 2, 3],
    "result": [0, 0.16108431406184179, 0.4118918892456529, 0.82774608255090298, 1.4305945098937107, 2.1799220055813802, 3]
  }
}
