{
  "quantlib_version": "1.42.1",
  "quantlib_hex_version": 21103088,
  "sqrt_two": 1.4142135623730951,
  "pi": 3.1415926535897931
}
