{
  "sobol_jaeckel_d2_s42": [
    [0.5, 0.5],
    [0.75, 0.25],
    [0.25, 0.75],
    [0.375, 0.375],
    [0.875, 0.875]
  ],
  "sobol_joekuod5_d2_s42": [
    [0.5, 0.5],
    [0.75, 0.25],
    [0.25, 0.75],
    [0.375, 0.375],
    [0.875, 0.875]
  ],
  "sobol_joekuod6_d2_s42": [
    [0.5, 0.5],
    [0.75, 0.25],
    [0.25, 0.75],
    [0.375, 0.375],
    [0.875, 0.875]
  ],
  "sobol_joekuod7_d2_s42": [
    [0.5, 0.5],
    [0.75, 0.25],
    [0.25, 0.75],
    [0.375, 0.375],
    [0.875, 0.875]
  ],
  "gamma_function": {
    "value": [1.7724538509055079, 1, 0.88622692545275394, 0.99999999999999956, 23.999999999999993, 362880.00000017899],
    "log_value": [0.57236494292474305, 0, -0.12078223763524987, -4.4408920985006262e-16, 3.1780538303479453, 12.801827480081963],
    "xs": [0.5, 1, 1.5, 2, 5, 10]
  },
  "akima_cubic": {
    "xs": [0, 1, 2, 3, 4],
    "ys": [0, 1, 4, 9, 16],
    "xs_eval": [0.25, 0.75, 1.5, 2.5, 3.75],
    "values": [0.3588169642857143, 0.60770089285714302, 2.3035714285714288, 6.3673076923076923, 14.139706161437246],
    "derivatives": [0.78794642857142883, 0.8772321428571439, 2.8928571428571432, 5.2346153846153847, 7.6316738360323892],
    "second_derivatives": [-3.8392857142857135, 4.1964285714285738, 1.571428571428573, 1.0615384615384613, -0.62383603238866314]
  }
}
